alert_id,claim_id,rule,risk_score,reviewed,confirmed_issue,review_hours,days_in_queue
A00000,C000305,Amount outlier,0.0293,0,,,16
A00001,C000320,Duplicate pattern,0.6807,1,0,1.07,0
A00002,C002588,Velocity,0.8232,0,,,11
A00003,C000883,Velocity,0.9147,1,1,0.85,0
A00004,C004221,Amount outlier,0.4168,1,0,0.81,0
A00005,C002384,Velocity,0.9608,1,0,2.07,0
A00006,C001417,Duplicate pattern,0.7165,1,0,0.65,0
A00007,C005041,Duplicate pattern,0.0489,1,0,2.47,0
A00008,C000729,Amount outlier,0.1357,0,,,3
A00009,C002548,Amount outlier,0.4997,0,,,4
A00010,C000471,Amount outlier,0.2489,1,0,2.71,0
A00011,C004505,Duplicate pattern,0.0901,1,0,3.05,0
A00012,C003078,Velocity,0.2528,1,0,2.45,0
A00013,C003853,Duplicate pattern,0.2306,1,0,2.94,0
A00014,C004891,Amount outlier,0.7032,1,1,3.39,0
A00015,C004803,Duplicate pattern,0.9387,1,1,3.29,0
A00016,C004165,Duplicate pattern,0.9538,1,1,1.16,0
A00017,C002474,Duplicate pattern,0.9496,1,0,2.23,0
A00018,C001906,Velocity,0.2209,0,,,19
A00019,C000397,Amount outlier,0.9366,1,0,2.19,0
A00020,C005310,Duplicate pattern,0.4169,1,0,2.87,0
A00021,C001509,Velocity,0.2975,1,1,2.94,0
A00022,C005691,Duplicate pattern,0.2297,1,1,2.15,0
A00023,C005750,Velocity,0.3944,0,,,15
A00024,C003096,Amount outlier,0.0779,1,0,1.2,0
A00025,C005989,Velocity,0.6638,1,0,1.68,0
A00026,C000141,Velocity,0.564,1,0,1.61,0
A00027,C004152,Duplicate pattern,0.101,1,0,0.81,0
A00028,C004166,Velocity,0.2965,1,0,1.76,0
A00029,C002414,Duplicate pattern,0.5864,1,0,2.28,0
A00030,C005802,Amount outlier,0.7455,0,,,21
A00031,C004199,Duplicate pattern,0.987,1,1,3.35,0
A00032,C005805,Duplicate pattern,0.1939,1,0,2.02,0
A00033,C005819,Amount outlier,0.7272,0,,,6
A00034,C001651,Duplicate pattern,0.1384,1,1,3.24,0
A00035,C000697,Velocity,0.7179,0,,,16
A00036,C005539,Velocity,0.503,1,1,2.78,0
A00037,C001460,Velocity,0.0371,0,,,14
A00038,C001639,Velocity,0.6122,1,1,1.37,0
A00039,C001864,Velocity,0.7053,1,1,0.86,0
A00040,C002421,Duplicate pattern,0.4394,1,0,1.26,0
A00041,C004305,Duplicate pattern,0.4401,1,0,2.98,0
A00042,C004036,Amount outlier,0.0668,0,,,18
A00043,C003239,Velocity,0.9001,1,1,1.78,0
A00044,C003410,Velocity,0.8754,1,1,3.05,0
A00045,C001398,Velocity,0.7351,1,1,3.34,0
A00046,C003425,Velocity,0.4972,1,0,2.25,0
A00047,C005997,Duplicate pattern,0.4884,1,0,3.31,0
A00048,C000656,Amount outlier,0.4875,1,0,1.18,0
A00049,C003631,Velocity,0.9161,0,,,2
A00050,C000827,Amount outlier,0.2418,1,1,1.33,0
A00051,C003306,Velocity,0.2656,1,0,0.73,0
A00052,C001080,Amount outlier,0.9089,1,1,0.69,0
A00053,C005068,Duplicate pattern,0.3756,1,0,2.12,0
A00054,C000503,Duplicate pattern,0.701,0,,,4
A00055,C000455,Amount outlier,0.2601,0,,,11
A00056,C002051,Duplicate pattern,0.4159,1,1,1.44,0
A00057,C004482,Amount outlier,0.2158,0,,,19
A00058,C001290,Amount outlier,0.7136,0,,,18
A00059,C005128,Velocity,0.5988,1,1,3.28,0
A00060,C005483,Duplicate pattern,0.1341,1,0,2.37,0
A00061,C003160,Amount outlier,0.4232,0,,,9
A00062,C002340,Duplicate pattern,0.1871,0,,,3
A00063,C005399,Duplicate pattern,0.523,1,0,1.28,0
A00064,C004129,Duplicate pattern,0.7968,1,1,2.89,0
A00065,C002522,Duplicate pattern,0.206,1,0,2.16,0
A00066,C003727,Duplicate pattern,0.8571,1,1,3.31,0
A00067,C005127,Velocity,0.1176,1,0,1.97,0
A00068,C001979,Duplicate pattern,0.8465,0,,,10
A00069,C005249,Velocity,0.44,1,0,2.02,0
A00070,C000301,Amount outlier,0.7781,1,1,0.89,0
A00071,C001414,Duplicate pattern,0.2095,1,0,2.31,0
A00072,C001634,Amount outlier,0.6423,1,0,2.89,0
A00073,C000733,Velocity,0.0953,1,0,2.93,0
A00074,C004430,Velocity,0.0937,1,0,2.81,0
A00075,C003599,Amount outlier,0.01,1,0,2.54,0
A00076,C004875,Amount outlier,0.4557,1,0,2.6,0
A00077,C001280,Amount outlier,0.3231,1,0,2.38,0
A00078,C005721,Velocity,0.0905,1,0,1.91,0
A00079,C000759,Amount outlier,0.8484,0,,,12
A00080,C005321,Velocity,0.8448,1,0,0.81,0
A00081,C001062,Amount outlier,0.3189,1,0,2.63,0
A00082,C005239,Duplicate pattern,0.4771,1,0,0.52,0
A00083,C000102,Amount outlier,0.5487,1,1,1.35,0
A00084,C005247,Duplicate pattern,0.5871,1,0,2.34,0
A00085,C004614,Velocity,0.9611,1,1,2.6,0
A00086,C003675,Duplicate pattern,0.3158,0,,,2
A00087,C003094,Amount outlier,0.5822,1,0,2.23,0
A00088,C002017,Duplicate pattern,0.7733,1,1,0.88,0
A00089,C005372,Amount outlier,0.1743,1,0,3.22,0
A00090,C004833,Amount outlier,0.4967,1,1,0.86,0
A00091,C005146,Velocity,0.2157,1,1,1.65,0
A00092,C000143,Duplicate pattern,0.5619,0,,,24
A00093,C002576,Duplicate pattern,0.8775,1,1,1.43,0
A00094,C001990,Duplicate pattern,0.1193,1,1,0.87,0
A00095,C001351,Duplicate pattern,0.8648,0,,,16
A00096,C000603,Duplicate pattern,0.025,1,0,2.08,0
A00097,C000755,Duplicate pattern,0.6377,1,0,2.17,0
A00098,C003699,Duplicate pattern,0.8946,1,1,1.46,0
A00099,C001251,Duplicate pattern,0.4161,1,0,1.16,0
A00100,C001377,Velocity,0.3854,1,1,3.45,0
A00101,C002935,Velocity,0.6292,1,1,1.89,0
A00102,C003487,Amount outlier,0.2017,0,,,14
A00103,C004359,Duplicate pattern,0.1702,1,0,0.7,0
A00104,C003523,Duplicate pattern,0.1707,1,0,2.99,0
A00105,C000485,Amount outlier,0.8235,1,1,2.56,0
A00106,C004455,Duplicate pattern,0.6624,1,1,2.03,0
A00107,C004834,Duplicate pattern,0.0032,1,0,1.96,0
A00108,C001750,Amount outlier,0.5892,0,,,24
A00109,C004829,Duplicate pattern,0.3347,1,1,2.68,0
A00110,C003545,Velocity,0.2972,1,0,1.04,0
A00111,C000815,Amount outlier,0.2554,1,0,1.45,0
A00112,C005234,Duplicate pattern,0.6792,1,1,1.14,0
A00113,C002943,Duplicate pattern,0.0105,1,0,2.94,0
A00114,C003365,Duplicate pattern,0.404,1,0,1.32,0
A00115,C003570,Duplicate pattern,0.3399,1,0,2.57,0
A00116,C005082,Duplicate pattern,0.4836,1,0,0.77,0
A00117,C002954,Amount outlier,0.4608,1,1,0.57,0
A00118,C002732,Velocity,0.0996,1,0,2.57,0
A00119,C004154,Velocity,0.8346,1,1,1.21,0
A00120,C004726,Duplicate pattern,0.3596,1,0,0.52,0
A00121,C005422,Velocity,0.335,1,1,1.4,0
A00122,C000121,Velocity,0.9166,1,1,3.25,0
A00123,C000793,Amount outlier,0.4135,1,1,2.11,0
A00124,C001095,Amount outlier,0.4932,0,,,7
A00125,C004653,Amount outlier,0.0017,1,0,3.41,0
A00126,C001870,Amount outlier,0.3824,1,0,1.49,0
A00127,C005829,Velocity,0.0942,1,0,3.13,0
A00128,C000983,Duplicate pattern,0.058,0,,,7
A00129,C003712,Velocity,0.786,1,0,1.36,0
A00130,C000541,Amount outlier,0.8376,1,0,1.67,0
A00131,C005173,Duplicate pattern,0.8472,1,0,1.8,0
A00132,C004563,Velocity,0.5548,1,0,0.73,0
A00133,C003445,Duplicate pattern,0.1273,1,0,2.61,0
A00134,C003311,Amount outlier,0.4747,1,1,3.41,0
A00135,C002666,Velocity,0.3312,1,0,3.18,0
A00136,C003826,Amount outlier,0.306,1,1,1.99,0
A00137,C001475,Velocity,0.7763,1,1,2.52,0
A00138,C002062,Duplicate pattern,0.8553,1,1,1.7,0
A00139,C000967,Velocity,0.4591,0,,,22
A00140,C001401,Duplicate pattern,0.8632,1,1,2.01,0
A00141,C001580,Amount outlier,0.6818,1,1,2.2,0
A00142,C003660,Amount outlier,0.0871,1,0,0.86,0
A00143,C001739,Velocity,0.0567,1,0,2.48,0
A00144,C001389,Velocity,0.361,1,0,1.37,0
A00145,C000325,Duplicate pattern,0.3615,0,,,17
A00146,C003455,Amount outlier,0.6581,1,1,1.91,0
A00147,C002904,Duplicate pattern,0.1532,1,0,2.91,0
A00148,C000080,Amount outlier,0.133,1,0,2.62,0
A00149,C003735,Amount outlier,0.3664,1,0,1.06,0
A00150,C004677,Amount outlier,0.9556,0,,,14
A00151,C004002,Amount outlier,0.9667,0,,,21
A00152,C005453,Duplicate pattern,0.4183,1,1,3.26,0
A00153,C004386,Amount outlier,0.4462,1,0,3.02,0
A00154,C005578,Amount outlier,0.0675,1,0,1.04,0
A00155,C004686,Amount outlier,0.016,1,0,3.07,0
A00156,C002801,Velocity,0.0586,0,,,3
A00157,C003924,Amount outlier,0.6881,0,,,24
A00158,C005071,Velocity,0.7841,1,0,2.51,0
A00159,C001390,Amount outlier,0.0367,1,0,2.45,0
A00160,C001678,Velocity,0.6974,1,0,1.94,0
A00161,C002490,Velocity,0.8937,0,,,8
A00162,C000079,Duplicate pattern,0.8415,1,0,0.83,0
A00163,C002289,Amount outlier,0.4145,1,0,2.81,0
A00164,C000602,Velocity,0.4351,1,0,1.75,0
A00165,C003555,Amount outlier,0.6939,0,,,15
A00166,C000853,Duplicate pattern,0.0592,1,0,1.36,0
A00167,C005612,Amount outlier,0.2879,0,,,22
A00168,C005384,Amount outlier,0.7135,1,1,2.5,0
A00169,C003031,Duplicate pattern,0.8264,1,1,1.12,0
A00170,C002500,Amount outlier,0.6898,1,0,3.02,0
A00171,C000114,Duplicate pattern,0.8176,1,1,2.37,0
A00172,C005399,Amount outlier,0.153,1,0,1.77,0
A00173,C002921,Velocity,0.9467,1,1,1.27,0
A00174,C005614,Velocity,0.5032,0,,,8
A00175,C005958,Amount outlier,0.3815,1,0,2.11,0
A00176,C000012,Amount outlier,0.3071,1,1,2.88,0
A00177,C004749,Amount outlier,0.1281,1,0,0.62,0
A00178,C005342,Duplicate pattern,0.8407,1,0,1.16,0
A00179,C003497,Velocity,0.7563,0,,,24
A00180,C001250,Duplicate pattern,0.873,0,,,7
A00181,C003109,Velocity,0.9122,0,,,17
A00182,C005373,Velocity,0.0808,1,0,2.74,0
A00183,C002011,Amount outlier,0.7931,0,,,8
A00184,C002599,Duplicate pattern,0.5326,1,0,2.96,0
A00185,C000300,Amount outlier,0.6564,1,0,2.78,0
A00186,C000167,Amount outlier,0.3666,0,,,18
A00187,C005747,Duplicate pattern,0.1452,1,0,0.85,0
A00188,C001966,Duplicate pattern,0.461,1,0,2.26,0
A00189,C003924,Duplicate pattern,0.8862,1,1,1.61,0
A00190,C005858,Duplicate pattern,0.4426,1,0,0.78,0
A00191,C004923,Velocity,0.7189,1,0,0.93,0
A00192,C001209,Velocity,0.8301,0,,,22
A00193,C003000,Amount outlier,0.6179,1,1,1.96,0
A00194,C002596,Velocity,0.4912,1,0,3.24,0
A00195,C001272,Velocity,0.0474,1,0,2.74,0
A00196,C004163,Velocity,0.6473,1,1,2.19,0
A00197,C001286,Amount outlier,0.3735,1,0,3.39,0
A00198,C000113,Duplicate pattern,0.6691,1,0,0.53,0
A00199,C001423,Duplicate pattern,0.3711,1,0,0.73,0
A00200,C000082,Duplicate pattern,0.6555,1,1,2.91,0
A00201,C004746,Duplicate pattern,0.3583,1,0,3.19,0
A00202,C002708,Duplicate pattern,0.4801,1,0,1.56,0
A00203,C000661,Amount outlier,0.9703,1,1,2.45,0
A00204,C005919,Velocity,0.6295,1,0,2.74,0
A00205,C000869,Amount outlier,0.4926,1,1,1.89,0
A00206,C002259,Velocity,0.447,1,1,2.48,0
A00207,C003215,Amount outlier,0.3788,1,0,1.91,0
A00208,C001636,Velocity,0.4835,1,1,3.23,0
A00209,C001408,Duplicate pattern,0.8456,1,0,2.77,0
A00210,C003564,Duplicate pattern,0.0552,1,0,1.31,0
A00211,C005529,Amount outlier,0.1868,1,0,2.38,0
A00212,C005195,Amount outlier,0.4057,1,1,0.79,0
A00213,C003881,Amount outlier,0.2427,1,0,2.64,0
A00214,C002459,Velocity,0.8397,1,0,2.66,0
A00215,C005826,Duplicate pattern,0.0209,1,0,1.91,0
A00216,C000669,Velocity,0.9494,1,0,3.09,0
A00217,C002377,Velocity,0.8027,1,1,3.13,0
A00218,C002868,Duplicate pattern,0.7212,0,,,11
A00219,C002911,Velocity,0.8327,1,1,1.12,0
A00220,C000070,Amount outlier,0.7738,1,1,3.11,0
A00221,C003106,Amount outlier,0.6376,1,0,3.25,0
A00222,C002696,Amount outlier,0.0177,1,0,1.69,0
A00223,C002415,Duplicate pattern,0.0021,1,0,1.23,0
A00224,C000014,Velocity,0.7002,1,1,2.15,0
A00225,C005665,Velocity,0.9111,1,0,1.83,0
A00226,C002709,Duplicate pattern,0.3931,1,0,2.5,0
A00227,C004839,Amount outlier,0.8236,1,1,0.68,0
A00228,C005471,Amount outlier,0.9632,1,1,1.21,0
A00229,C001582,Amount outlier,0.2683,1,0,2.3,0
A00230,C005434,Duplicate pattern,0.1871,0,,,23
A00231,C002029,Velocity,0.3213,1,0,2.35,0
A00232,C000378,Duplicate pattern,0.1453,1,0,2.25,0
A00233,C001461,Duplicate pattern,0.9372,1,0,2.27,0
A00234,C005151,Velocity,0.9049,0,,,19
A00235,C002686,Amount outlier,0.0989,1,0,2.49,0
A00236,C000971,Velocity,0.1517,1,0,0.56,0
A00237,C003063,Amount outlier,0.392,1,1,1.08,0
A00238,C004780,Velocity,0.8746,1,1,1.17,0
A00239,C004589,Duplicate pattern,0.5703,1,1,3.14,0
A00240,C004378,Velocity,0.1036,1,0,1.76,0
A00241,C000103,Duplicate pattern,0.8393,0,,,9
A00242,C004625,Velocity,0.1108,1,0,2.72,0
A00243,C001175,Velocity,0.5939,1,1,2.41,0
A00244,C003818,Velocity,0.0604,1,0,1.8,0
A00245,C004278,Duplicate pattern,0.4706,0,,,21
A00246,C005316,Velocity,0.8461,0,,,23
A00247,C003238,Amount outlier,0.3022,1,1,3.12,0
A00248,C004175,Velocity,0.2088,1,0,2.54,0
A00249,C000771,Velocity,0.402,1,1,1.88,0
A00250,C003051,Duplicate pattern,0.3773,0,,,16
A00251,C000631,Duplicate pattern,0.7733,0,,,3
A00252,C005793,Velocity,0.8398,1,0,1.12,0
A00253,C005570,Velocity,0.3928,1,1,0.76,0
A00254,C005242,Duplicate pattern,0.2224,1,1,0.79,0
A00255,C001788,Duplicate pattern,0.7296,1,0,2.14,0
A00256,C000816,Duplicate pattern,0.5327,1,1,3.44,0
A00257,C002624,Velocity,0.4523,1,1,2.18,0
A00258,C005822,Duplicate pattern,0.4288,1,1,3.18,0
A00259,C005531,Amount outlier,0.9977,0,,,7
A00260,C004963,Amount outlier,0.7489,1,1,1.87,0
A00261,C000571,Velocity,0.2043,1,0,2.7,0
A00262,C004022,Amount outlier,0.9549,0,,,4
A00263,C005280,Amount outlier,0.1745,1,0,1.04,0
A00264,C001681,Velocity,0.0788,1,0,3.31,0
A00265,C004393,Duplicate pattern,0.5269,1,0,2.78,0
A00266,C003934,Duplicate pattern,0.0253,1,0,1.28,0
A00267,C003242,Velocity,0.6949,1,1,2.0,0
A00268,C000259,Amount outlier,0.7524,1,0,0.9,0
A00269,C003581,Duplicate pattern,0.9596,1,1,1.92,0
A00270,C003553,Amount outlier,0.162,1,1,2.25,0
A00271,C004053,Duplicate pattern,0.0001,1,0,2.71,0
A00272,C000085,Amount outlier,0.9226,1,0,2.53,0
A00273,C003928,Velocity,0.2541,1,1,2.43,0
A00274,C003589,Velocity,0.6493,1,0,1.94,0
A00275,C005852,Velocity,0.1261,0,,,3
A00276,C000805,Velocity,0.0986,1,0,1.36,0
A00277,C004501,Velocity,0.5127,1,1,1.74,0
A00278,C002075,Velocity,0.8214,0,,,10
A00279,C003417,Velocity,0.8993,1,0,1.87,0
A00280,C000930,Amount outlier,0.8412,1,0,0.71,0
A00281,C004755,Amount outlier,0.8087,1,1,2.33,0
A00282,C005309,Velocity,0.1554,1,0,2.01,0
A00283,C003190,Amount outlier,0.2225,1,1,1.78,0
A00284,C002801,Velocity,0.8682,1,0,1.45,0
A00285,C004703,Amount outlier,0.6095,1,0,3.47,0
A00286,C001518,Duplicate pattern,0.167,1,0,2.41,0
A00287,C003246,Duplicate pattern,0.3492,1,0,2.21,0
A00288,C004644,Velocity,0.0823,1,0,0.82,0
A00289,C000683,Amount outlier,0.519,0,,,3
A00290,C004154,Velocity,0.8469,0,,,15
A00291,C001316,Amount outlier,0.44,0,,,20
A00292,C001361,Duplicate pattern,0.5979,1,0,1.71,0
A00293,C005929,Amount outlier,0.4105,1,0,2.63,0
A00294,C005932,Velocity,0.3849,1,1,2.26,0
A00295,C001593,Velocity,0.6329,1,1,0.69,0
A00296,C002860,Duplicate pattern,0.3576,0,,,5
A00297,C004542,Amount outlier,0.3278,1,0,2.85,0
A00298,C001660,Amount outlier,0.9456,0,,,3
A00299,C003108,Duplicate pattern,0.0775,1,0,1.44,0
A00300,C002715,Duplicate pattern,0.8737,1,1,3.04,0
A00301,C000835,Duplicate pattern,0.1566,1,1,2.86,0
A00302,C000255,Duplicate pattern,0.3866,0,,,1
A00303,C003942,Velocity,0.9652,1,1,2.69,0
A00304,C001282,Amount outlier,0.404,0,,,16
A00305,C005601,Velocity,0.3665,0,,,7
A00306,C002033,Velocity,0.8201,1,1,1.14,0
A00307,C002473,Duplicate pattern,0.0582,1,0,1.94,0
A00308,C003478,Duplicate pattern,0.5858,0,,,16
A00309,C001841,Velocity,0.6749,0,,,17
A00310,C000738,Amount outlier,0.3719,1,0,0.85,0
A00311,C001628,Velocity,0.156,1,0,1.94,0
A00312,C001163,Velocity,0.0523,1,0,3.01,0
A00313,C000544,Velocity,0.0541,0,,,5
A00314,C000682,Amount outlier,0.4053,0,,,10
A00315,C005056,Velocity,0.776,1,0,2.26,0
A00316,C003036,Velocity,0.2994,1,0,0.66,0
A00317,C004895,Velocity,0.2664,0,,,18
A00318,C002126,Velocity,0.1004,1,0,1.68,0
A00319,C001476,Amount outlier,0.1469,1,0,2.97,0
A00320,C003331,Duplicate pattern,0.8399,1,1,2.54,0
A00321,C001070,Velocity,0.6492,0,,,17
A00322,C001914,Velocity,0.8453,0,,,19
A00323,C004822,Amount outlier,0.2785,1,0,2.4,0
A00324,C005350,Velocity,0.128,1,0,0.75,0
A00325,C004547,Amount outlier,0.9702,1,0,3.23,0
A00326,C003823,Amount outlier,0.672,0,,,9
A00327,C005165,Duplicate pattern,0.9047,1,1,1.41,0
A00328,C004287,Velocity,0.774,1,1,1.81,0
A00329,C005821,Duplicate pattern,0.0413,0,,,2
A00330,C004659,Amount outlier,0.4385,1,0,1.33,0
A00331,C005289,Amount outlier,0.0284,1,0,1.85,0
A00332,C001590,Amount outlier,0.5,1,1,2.15,0
A00333,C002971,Duplicate pattern,0.2176,1,1,2.64,0
A00334,C005108,Duplicate pattern,0.4355,0,,,11
A00335,C002982,Amount outlier,0.2936,1,0,0.9,0
A00336,C000476,Duplicate pattern,0.6136,1,1,1.19,0
A00337,C005141,Amount outlier,0.5417,1,0,3.49,0
A00338,C005626,Duplicate pattern,0.9656,1,1,2.65,0
A00339,C004476,Amount outlier,0.7811,1,0,1.99,0
A00340,C000610,Velocity,0.3361,0,,,7
A00341,C004194,Amount outlier,0.5861,1,1,1.5,0
A00342,C002023,Amount outlier,0.0448,1,0,3.31,0
A00343,C005858,Velocity,0.6317,0,,,4
A00344,C004397,Duplicate pattern,0.6084,1,0,2.53,0
A00345,C001132,Velocity,0.6709,1,1,2.77,0
A00346,C005225,Duplicate pattern,0.2861,1,0,2.66,0
A00347,C004312,Velocity,0.392,1,1,3.42,0
A00348,C001420,Duplicate pattern,0.5158,1,1,2.56,0
A00349,C005173,Duplicate pattern,0.184,1,0,0.53,0
A00350,C003133,Amount outlier,0.6708,1,0,1.49,0
A00351,C004525,Duplicate pattern,0.5562,0,,,12
A00352,C004728,Amount outlier,0.7814,1,0,1.85,0
A00353,C001228,Duplicate pattern,0.537,0,,,6
A00354,C001082,Amount outlier,0.1827,1,0,3.37,0
A00355,C005410,Velocity,0.2772,1,0,3.23,0
A00356,C005563,Velocity,0.8606,1,1,0.61,0
A00357,C003838,Velocity,0.5135,1,0,1.14,0
A00358,C001719,Amount outlier,0.6958,1,0,0.81,0
A00359,C000748,Duplicate pattern,0.759,1,1,1.63,0
A00360,C005624,Velocity,0.4673,1,0,3.13,0
A00361,C003434,Velocity,0.5748,1,0,1.52,0
A00362,C005380,Amount outlier,0.3468,1,0,2.7,0
A00363,C003698,Amount outlier,0.58,1,1,2.49,0
A00364,C000339,Amount outlier,0.4391,1,0,2.22,0
A00365,C003578,Duplicate pattern,0.6387,1,1,1.12,0
A00366,C003705,Duplicate pattern,0.6389,1,0,1.96,0
A00367,C002816,Velocity,0.4789,1,0,1.72,0
A00368,C003448,Duplicate pattern,0.2457,1,0,1.44,0
A00369,C005068,Amount outlier,0.9165,1,1,2.73,0
A00370,C005223,Duplicate pattern,0.0453,1,0,2.37,0
A00371,C003475,Velocity,0.3859,1,1,3.35,0
A00372,C001857,Amount outlier,0.3863,1,0,1.17,0
A00373,C004225,Duplicate pattern,0.2027,1,0,2.13,0
A00374,C002050,Velocity,0.6734,0,,,24
A00375,C000945,Velocity,0.3186,1,0,2.9,0
A00376,C003381,Duplicate pattern,0.6753,0,,,13
A00377,C003682,Duplicate pattern,0.0596,0,,,24
A00378,C002284,Amount outlier,0.2606,1,0,0.67,0
A00379,C000867,Duplicate pattern,0.074,1,0,1.39,0
A00380,C002180,Amount outlier,0.4249,1,1,2.5,0
A00381,C001240,Amount outlier,0.4323,1,0,1.28,0
A00382,C005304,Duplicate pattern,0.7312,1,0,3.27,0
A00383,C004393,Velocity,0.0852,1,0,1.32,0
A00384,C000792,Velocity,0.7908,1,1,3.25,0
A00385,C005433,Velocity,0.4773,1,0,3.44,0
A00386,C004219,Duplicate pattern,0.0692,0,,,20
A00387,C005730,Amount outlier,0.5935,1,1,1.06,0
A00388,C003229,Duplicate pattern,0.3761,1,1,2.31,0
A00389,C001701,Velocity,0.5718,1,0,0.98,0
A00390,C005890,Velocity,0.4187,1,1,2.84,0
A00391,C004713,Duplicate pattern,0.6189,1,1,0.78,0
A00392,C005755,Amount outlier,0.563,1,0,1.18,0
A00393,C001928,Duplicate pattern,0.8983,1,0,2.19,0
A00394,C005714,Duplicate pattern,0.7236,1,1,0.93,0
A00395,C002344,Velocity,0.5505,1,0,3.48,0
A00396,C003487,Amount outlier,0.3357,0,,,3
A00397,C004519,Amount outlier,0.5997,1,0,2.17,0
A00398,C000733,Velocity,0.1558,1,0,2.81,0
A00399,C004509,Velocity,0.3548,1,0,1.61,0
A00400,C002792,Duplicate pattern,0.1027,0,,,24
A00401,C004809,Amount outlier,0.7564,0,,,22
A00402,C002805,Duplicate pattern,0.3767,0,,,3
A00403,C005737,Amount outlier,0.7422,1,0,2.35,0
A00404,C001752,Amount outlier,0.9046,1,0,0.86,0
A00405,C005169,Amount outlier,0.7873,0,,,10
A00406,C004616,Velocity,0.6196,1,0,2.87,0
A00407,C002258,Amount outlier,0.7599,1,0,2.89,0
A00408,C002034,Amount outlier,0.4852,0,,,13
A00409,C000422,Amount outlier,0.847,1,0,2.91,0
A00410,C003740,Duplicate pattern,0.6421,1,0,2.11,0
A00411,C001027,Amount outlier,0.6446,1,0,2.15,0
A00412,C002502,Amount outlier,0.4148,0,,,12
A00413,C003612,Amount outlier,0.0493,1,0,3.27,0
A00414,C003492,Duplicate pattern,0.1244,1,1,3.35,0
A00415,C005022,Duplicate pattern,0.8845,1,1,2.41,0
A00416,C001175,Velocity,0.0915,1,0,2.88,0
A00417,C005683,Amount outlier,0.5013,1,1,1.1,0
A00418,C003014,Velocity,0.0547,1,0,0.56,0
A00419,C005438,Velocity,0.3317,0,,,23
A00420,C002843,Velocity,0.3677,1,0,0.72,0
A00421,C005175,Duplicate pattern,0.9274,1,1,0.75,0
A00422,C004926,Velocity,0.3831,1,1,1.23,0
A00423,C003627,Velocity,0.4296,1,1,2.9,0
A00424,C002883,Amount outlier,0.4572,0,,,8
A00425,C005414,Duplicate pattern,0.6826,1,0,3.32,0
A00426,C000524,Amount outlier,0.6242,1,0,1.53,0
A00427,C005775,Duplicate pattern,0.0814,1,0,1.96,0
A00428,C003160,Velocity,0.346,1,0,0.62,0
A00429,C002717,Duplicate pattern,0.0239,1,0,3.24,0
A00430,C003554,Velocity,0.3337,1,0,1.34,0
A00431,C001546,Duplicate pattern,0.2125,1,0,1.47,0
A00432,C000123,Amount outlier,0.3859,1,0,2.41,0
A00433,C001570,Duplicate pattern,0.4003,1,0,0.58,0
A00434,C000417,Amount outlier,0.7395,1,0,3.13,0
A00435,C003380,Amount outlier,0.0108,0,,,9
A00436,C001016,Duplicate pattern,0.4814,1,0,3.2,0
A00437,C004937,Amount outlier,0.4533,1,0,2.91,0
A00438,C004539,Velocity,0.6613,0,,,1
A00439,C001345,Amount outlier,0.9797,0,,,19
A00440,C000701,Velocity,0.5452,1,1,1.03,0
A00441,C001712,Duplicate pattern,0.6469,1,1,1.36,0
A00442,C005368,Duplicate pattern,0.8264,0,,,3
A00443,C001272,Amount outlier,0.1521,1,0,0.52,0
A00444,C004476,Amount outlier,0.1335,1,0,1.71,0
A00445,C004618,Velocity,0.8306,1,0,3.26,0
A00446,C004479,Amount outlier,0.2601,1,0,3.23,0
A00447,C004028,Duplicate pattern,0.2351,1,0,0.91,0
A00448,C003035,Duplicate pattern,0.8856,1,1,1.06,0
A00449,C000397,Amount outlier,0.6617,1,0,1.62,0
A00450,C002630,Velocity,0.3892,1,0,3.15,0
A00451,C004398,Amount outlier,0.7989,1,0,1.71,0
A00452,C003953,Velocity,0.0875,1,0,1.26,0
A00453,C001389,Velocity,0.1876,0,,,9
A00454,C003844,Duplicate pattern,0.3722,1,0,1.25,0
A00455,C005400,Velocity,0.7188,1,0,2.41,0
A00456,C001714,Duplicate pattern,0.6972,1,0,0.57,0
A00457,C003602,Duplicate pattern,0.0834,1,0,0.58,0
A00458,C003046,Duplicate pattern,0.2914,1,0,2.46,0
A00459,C004055,Amount outlier,0.7448,1,1,0.54,0
A00460,C005342,Amount outlier,0.8663,1,0,0.52,0
A00461,C003191,Amount outlier,0.928,1,1,2.62,0
A00462,C000278,Amount outlier,0.1445,1,0,1.75,0
A00463,C001266,Amount outlier,0.557,1,1,3.08,0
A00464,C002942,Velocity,0.8465,0,,,19
A00465,C000443,Velocity,0.4725,1,1,0.86,0
A00466,C005429,Velocity,0.2685,0,,,1
A00467,C001443,Velocity,0.291,1,0,1.39,0
A00468,C005333,Duplicate pattern,0.9769,1,1,2.55,0
A00469,C001192,Duplicate pattern,0.6459,0,,,10
A00470,C000077,Duplicate pattern,0.579,1,0,3.46,0
A00471,C000589,Amount outlier,0.7449,1,0,3.29,0
A00472,C001841,Duplicate pattern,0.9416,1,1,1.24,0
A00473,C003727,Amount outlier,0.4032,1,0,2.71,0
A00474,C001609,Velocity,0.249,1,0,1.33,0
A00475,C005614,Amount outlier,0.4387,1,1,3.38,0
A00476,C003559,Amount outlier,0.9829,1,1,1.28,0
A00477,C005768,Velocity,0.8513,1,0,2.93,0
A00478,C004874,Amount outlier,0.4182,1,0,0.84,0
A00479,C003159,Amount outlier,0.6191,0,,,7
A00480,C003358,Duplicate pattern,0.9795,1,0,2.49,0
A00481,C000651,Velocity,0.509,1,0,1.11,0
A00482,C005869,Duplicate pattern,0.8792,1,0,1.63,0
A00483,C005114,Velocity,0.9722,1,1,0.59,0
A00484,C003092,Duplicate pattern,0.8819,1,1,2.02,0
A00485,C003433,Amount outlier,0.019,0,,,24
A00486,C004073,Velocity,0.8324,0,,,14
A00487,C001229,Duplicate pattern,0.678,1,1,2.3,0
A00488,C001882,Amount outlier,0.9724,1,1,2.34,0
A00489,C000929,Amount outlier,0.4844,0,,,24
A00490,C005180,Velocity,0.7716,1,0,1.7,0
A00491,C002135,Velocity,0.455,1,0,3.49,0
A00492,C002361,Velocity,0.8141,1,0,1.19,0
A00493,C002426,Duplicate pattern,0.1458,1,1,3.44,0
A00494,C005767,Duplicate pattern,0.1409,1,0,2.32,0
A00495,C005015,Duplicate pattern,0.1894,1,1,3.45,0
A00496,C004554,Amount outlier,0.9561,1,1,1.55,0
A00497,C003818,Velocity,0.232,1,1,3.33,0
A00498,C002058,Amount outlier,0.3896,1,0,1.07,0
A00499,C000504,Duplicate pattern,0.4662,1,0,2.98,0
A00500,C003672,Velocity,0.8749,1,0,2.28,0
A00501,C005092,Duplicate pattern,0.109,0,,,17
A00502,C004699,Velocity,0.107,1,0,3.37,0
A00503,C002619,Amount outlier,0.9544,1,1,3.01,0
A00504,C005138,Duplicate pattern,0.8043,0,,,13
A00505,C000528,Amount outlier,0.4511,1,0,1.42,0
A00506,C005103,Amount outlier,0.3378,1,0,0.59,0
A00507,C003119,Duplicate pattern,0.3867,1,0,1.66,0
A00508,C001362,Amount outlier,0.8476,0,,,13
A00509,C002588,Velocity,0.1884,1,0,1.38,0
A00510,C000248,Duplicate pattern,0.4203,1,0,0.92,0
A00511,C000578,Duplicate pattern,0.7905,1,0,2.0,0
A00512,C003324,Velocity,0.681,1,1,2.74,0
A00513,C005139,Duplicate pattern,0.4463,1,0,1.29,0
A00514,C005968,Velocity,0.0733,1,0,1.03,0
A00515,C001457,Velocity,0.0323,1,0,0.77,0
A00516,C001460,Velocity,0.2555,0,,,5
A00517,C004541,Amount outlier,0.5503,0,,,10
A00518,C000007,Amount outlier,0.0866,1,0,2.01,0
A00519,C002294,Duplicate pattern,0.8706,1,0,1.11,0
A00520,C003710,Amount outlier,0.7619,0,,,24
A00521,C004450,Velocity,0.3578,1,1,2.04,0
A00522,C001302,Amount outlier,0.4329,1,0,1.7,0
A00523,C005535,Amount outlier,0.3104,1,0,1.51,0
A00524,C000446,Velocity,0.9635,1,0,0.64,0
A00525,C002641,Velocity,0.8028,1,0,2.03,0
A00526,C002991,Velocity,0.9606,0,,,2
A00527,C003258,Velocity,0.7191,1,0,2.05,0
A00528,C002628,Duplicate pattern,0.5872,0,,,4
A00529,C002414,Amount outlier,0.7965,1,0,2.94,0
A00530,C001710,Velocity,0.6923,1,0,1.81,0
A00531,C003671,Duplicate pattern,0.5529,1,0,1.81,0
A00532,C004629,Velocity,0.212,1,0,0.51,0
A00533,C002380,Duplicate pattern,0.4168,0,,,9
A00534,C005414,Velocity,0.4578,1,0,1.39,0
A00535,C002746,Velocity,0.6391,1,0,3.28,0
A00536,C005580,Duplicate pattern,0.1444,1,0,0.99,0
A00537,C002098,Velocity,0.7599,1,0,3.24,0
A00538,C004754,Velocity,0.0868,1,0,2.26,0
A00539,C003524,Duplicate pattern,0.818,0,,,6
A00540,C000549,Velocity,0.7831,1,1,0.76,0
A00541,C002748,Velocity,0.1945,1,1,0.7,0
A00542,C004115,Duplicate pattern,0.2155,1,0,1.99,0
A00543,C005970,Amount outlier,0.4696,1,0,1.19,0
A00544,C001504,Velocity,0.9842,0,,,1
A00545,C001120,Velocity,0.1078,1,0,2.59,0
A00546,C001357,Amount outlier,0.4994,1,0,3.44,0
A00547,C004968,Amount outlier,0.5421,0,,,24
A00548,C001239,Duplicate pattern,0.6318,1,1,3.43,0
A00549,C000440,Velocity,0.9185,1,0,2.01,0
A00550,C005093,Velocity,0.687,1,0,1.06,0
A00551,C003902,Velocity,0.7304,1,0,1.51,0
A00552,C002413,Velocity,0.0653,1,0,2.51,0
A00553,C003661,Duplicate pattern,0.8202,1,0,1.93,0
A00554,C003570,Amount outlier,0.672,1,1,2.07,0
A00555,C003110,Amount outlier,0.8577,1,1,1.97,0
A00556,C001675,Velocity,0.9151,0,,,20
A00557,C004576,Velocity,0.9055,0,,,14
A00558,C002055,Velocity,0.4864,1,0,0.66,0
A00559,C003924,Amount outlier,0.763,1,1,2.47,0
A00560,C002283,Amount outlier,0.939,0,,,22
A00561,C001634,Duplicate pattern,0.6498,1,1,2.24,0
A00562,C000810,Duplicate pattern,0.4879,1,0,2.29,0
A00563,C003358,Amount outlier,0.7212,1,0,0.76,0
A00564,C000480,Velocity,0.1259,0,,,14
A00565,C003316,Velocity,0.4267,1,1,1.89,0
A00566,C004439,Amount outlier,0.7661,1,0,2.08,0
A00567,C004282,Duplicate pattern,0.0144,0,,,12
A00568,C004176,Velocity,0.2826,1,0,0.83,0
A00569,C005043,Amount outlier,0.7903,1,1,2.31,0
A00570,C000035,Velocity,0.8754,1,1,3.47,0
A00571,C001094,Velocity,0.4358,1,1,0.66,0
A00572,C005808,Duplicate pattern,0.9133,1,1,2.72,0
A00573,C001924,Amount outlier,0.8475,0,,,18
A00574,C001616,Amount outlier,0.927,1,1,2.06,0
A00575,C000700,Velocity,0.0084,1,0,1.58,0
A00576,C005921,Velocity,0.5461,1,0,0.92,0
A00577,C003447,Velocity,0.4251,1,0,0.91,0
A00578,C003743,Amount outlier,0.8383,1,0,1.84,0
A00579,C003509,Amount outlier,0.6213,0,,,2
A00580,C001600,Duplicate pattern,0.3629,1,0,2.79,0
A00581,C001287,Amount outlier,0.097,1,1,1.78,0
A00582,C005590,Duplicate pattern,0.9255,0,,,22
A00583,C004277,Amount outlier,0.3053,0,,,5
A00584,C003835,Velocity,0.2484,0,,,18
A00585,C004629,Duplicate pattern,0.8889,0,,,21
A00586,C001445,Velocity,0.5982,1,1,2.72,0
A00587,C005560,Amount outlier,0.6263,1,0,0.59,0
A00588,C005453,Amount outlier,0.9938,1,0,2.07,0
A00589,C000259,Amount outlier,0.2952,0,,,18
A00590,C005256,Amount outlier,0.9721,1,1,0.89,0
A00591,C001383,Duplicate pattern,0.3835,1,0,3.38,0
A00592,C001150,Velocity,0.1067,1,1,2.63,0
A00593,C003744,Amount outlier,0.282,1,0,0.52,0
A00594,C005329,Duplicate pattern,0.0064,0,,,19
A00595,C000057,Duplicate pattern,0.2964,1,0,1.76,0
A00596,C004736,Duplicate pattern,0.7091,1,0,0.8,0
A00597,C003438,Duplicate pattern,0.0102,1,0,3.3,0
A00598,C000270,Duplicate pattern,0.8653,1,0,1.59,0
A00599,C004042,Duplicate pattern,0.5183,1,0,2.73,0
A00600,C003273,Amount outlier,0.5925,1,0,3.31,0
A00601,C005406,Duplicate pattern,0.3486,0,,,23
A00602,C003081,Amount outlier,0.9224,0,,,24
A00603,C000867,Velocity,0.5218,1,0,3.17,0
A00604,C002229,Duplicate pattern,0.5984,1,0,2.74,0
A00605,C001212,Amount outlier,0.7448,0,,,11
A00606,C003103,Amount outlier,0.2828,0,,,22
A00607,C003474,Velocity,0.7797,1,0,0.99,0
A00608,C000277,Amount outlier,0.8249,0,,,24
A00609,C002684,Duplicate pattern,0.4768,1,0,1.93,0
A00610,C001485,Duplicate pattern,0.992,1,1,2.89,0
A00611,C005111,Amount outlier,0.7689,1,1,1.02,0
A00612,C002548,Velocity,0.7045,1,0,2.23,0
A00613,C005181,Duplicate pattern,0.5033,1,1,1.78,0
A00614,C000678,Velocity,0.1833,1,0,2.4,0
A00615,C000614,Velocity,0.5409,1,0,3.15,0
A00616,C002907,Duplicate pattern,0.8167,0,,,6
A00617,C005789,Duplicate pattern,0.827,1,0,2.77,0
A00618,C005659,Amount outlier,0.8547,0,,,8
A00619,C004464,Duplicate pattern,0.6734,1,1,1.34,0
A00620,C001071,Duplicate pattern,0.4357,1,1,1.12,0
A00621,C002660,Amount outlier,0.7632,1,1,1.88,0
A00622,C005131,Amount outlier,0.32,0,,,4
A00623,C005410,Velocity,0.7309,1,1,1.04,0
A00624,C002576,Duplicate pattern,0.0031,0,,,13
A00625,C002684,Duplicate pattern,0.0023,1,0,1.51,0
A00626,C002913,Duplicate pattern,0.2855,0,,,1
A00627,C000399,Amount outlier,0.8596,1,0,2.61,0
A00628,C004822,Velocity,0.7307,1,0,2.36,0
A00629,C005431,Velocity,0.5647,1,1,1.38,0
A00630,C002428,Amount outlier,0.44,1,0,2.6,0
A00631,C001881,Velocity,0.0637,1,0,2.44,0
A00632,C005966,Amount outlier,0.5859,0,,,8
A00633,C002560,Duplicate pattern,0.1657,1,0,3.39,0
A00634,C002099,Amount outlier,0.8824,1,0,2.73,0
A00635,C000709,Duplicate pattern,0.6711,0,,,6
A00636,C005080,Duplicate pattern,0.2117,1,0,1.63,0
A00637,C004718,Amount outlier,0.1911,0,,,14
A00638,C005275,Velocity,0.9117,1,0,2.63,0
A00639,C002422,Duplicate pattern,0.4165,1,0,1.77,0
A00640,C001951,Velocity,0.2433,1,0,3.4,0
A00641,C000217,Velocity,0.1914,1,0,1.98,0
A00642,C002599,Velocity,0.6591,0,,,13
A00643,C002248,Duplicate pattern,0.1307,1,0,0.82,0
A00644,C001893,Duplicate pattern,0.0112,1,0,0.77,0
A00645,C002332,Duplicate pattern,0.874,0,,,2
A00646,C002166,Amount outlier,0.0592,1,0,3.36,0
A00647,C003610,Velocity,0.274,0,,,10
A00648,C003695,Duplicate pattern,0.5203,1,1,0.79,0
A00649,C003533,Amount outlier,0.8997,1,1,1.48,0
A00650,C004283,Duplicate pattern,0.203,1,1,0.61,0
A00651,C004798,Duplicate pattern,0.99,1,1,1.14,0
A00652,C002014,Amount outlier,0.4261,1,0,1.85,0
A00653,C002740,Duplicate pattern,0.7352,1,0,1.48,0
A00654,C001171,Amount outlier,0.1634,1,1,2.09,0
A00655,C005342,Amount outlier,0.4424,1,0,3.36,0
A00656,C003236,Velocity,0.9889,1,1,1.13,0
A00657,C000502,Duplicate pattern,0.3548,1,0,2.64,0
A00658,C005360,Duplicate pattern,0.1442,1,0,3.1,0
A00659,C004328,Duplicate pattern,0.3736,1,1,1.65,0
A00660,C002696,Duplicate pattern,0.1613,1,1,1.42,0
A00661,C003748,Amount outlier,0.2314,1,0,3.29,0
A00662,C003471,Duplicate pattern,0.5013,1,0,2.5,0
A00663,C000026,Amount outlier,0.571,1,0,3.3,0
A00664,C003190,Amount outlier,0.8563,1,0,0.98,0
A00665,C001478,Duplicate pattern,0.7842,0,,,11
A00666,C005098,Amount outlier,0.3574,1,1,2.24,0
A00667,C005476,Velocity,0.3177,1,0,1.0,0
A00668,C000952,Amount outlier,0.3369,1,1,2.43,0
A00669,C003635,Duplicate pattern,0.0679,1,1,1.39,0
A00670,C004445,Velocity,0.9259,0,,,6
A00671,C004936,Velocity,0.2654,1,1,2.58,0
A00672,C005780,Velocity,0.423,0,,,4
A00673,C001138,Amount outlier,0.2449,1,0,0.8,0
A00674,C005957,Amount outlier,0.8577,1,0,2.34,0
A00675,C005657,Amount outlier,0.7322,1,0,1.58,0
A00676,C001513,Duplicate pattern,0.6377,1,1,3.44,0
A00677,C002127,Amount outlier,0.4018,1,0,0.76,0
A00678,C004145,Amount outlier,0.7929,1,1,3.15,0
A00679,C000850,Duplicate pattern,0.0104,1,0,2.97,0
A00680,C000953,Velocity,0.0325,1,0,1.45,0
A00681,C001401,Duplicate pattern,0.2871,1,0,1.9,0
A00682,C003116,Duplicate pattern,0.6409,1,0,3.17,0
A00683,C002274,Duplicate pattern,0.2073,1,1,2.11,0
A00684,C002083,Amount outlier,0.0728,1,0,2.94,0
A00685,C004631,Velocity,0.5606,1,0,1.98,0
A00686,C002615,Velocity,0.5723,1,0,3.31,0
A00687,C004652,Amount outlier,0.3981,1,1,0.82,0
A00688,C005073,Velocity,0.6768,1,0,2.79,0
A00689,C002768,Velocity,0.1426,1,0,3.12,0
A00690,C001075,Velocity,0.1827,0,,,13
A00691,C001680,Velocity,0.5088,1,0,2.85,0
A00692,C000110,Amount outlier,0.1528,1,0,1.16,0
A00693,C005393,Velocity,0.2998,1,0,2.1,0
A00694,C005404,Duplicate pattern,0.285,1,0,0.53,0
A00695,C002073,Amount outlier,0.1221,1,0,2.09,0
A00696,C000638,Duplicate pattern,0.6911,1,0,2.34,0
A00697,C005416,Velocity,0.745,1,1,0.67,0
A00698,C001765,Velocity,0.1644,1,0,1.11,0
A00699,C000041,Velocity,0.4483,1,0,1.97,0
A00700,C001211,Duplicate pattern,0.4252,1,0,0.57,0
A00701,C001416,Duplicate pattern,0.105,1,0,1.69,0
A00702,C000559,Duplicate pattern,0.1735,0,,,12
A00703,C003108,Duplicate pattern,0.046,1,0,1.14,0
A00704,C003706,Velocity,0.6218,1,0,1.94,0
A00705,C001169,Amount outlier,0.48,1,0,2.35,0
A00706,C000589,Velocity,0.3808,1,0,0.72,0
A00707,C000069,Velocity,0.0554,1,0,3.44,0
A00708,C002981,Velocity,0.7235,0,,,22
A00709,C005083,Velocity,0.846,1,1,2.32,0
A00710,C002976,Amount outlier,0.5025,1,1,3.2,0
A00711,C004762,Duplicate pattern,0.2424,1,0,1.6,0
A00712,C004036,Amount outlier,0.607,1,1,0.5,0
A00713,C001991,Amount outlier,0.0496,1,0,2.27,0
A00714,C002009,Duplicate pattern,0.9006,1,1,1.63,0
A00715,C003382,Duplicate pattern,0.1596,0,,,21
A00716,C000472,Amount outlier,0.7015,1,1,3.38,0
A00717,C002367,Amount outlier,0.3515,1,0,1.13,0
A00718,C004165,Duplicate pattern,0.9775,1,1,2.26,0
A00719,C005437,Duplicate pattern,0.2948,1,1,0.74,0
A00720,C002174,Duplicate pattern,0.1614,0,,,6
A00721,C003666,Duplicate pattern,0.5228,1,0,1.69,0
A00722,C001551,Duplicate pattern,0.5647,1,0,2.98,0
A00723,C001541,Amount outlier,0.8754,1,0,2.51,0
A00724,C002440,Amount outlier,0.167,1,0,3.2,0
A00725,C001974,Amount outlier,0.1831,1,0,2.5,0
A00726,C003000,Duplicate pattern,0.3528,1,1,3.12,0
A00727,C002382,Duplicate pattern,0.4138,1,0,2.17,0
A00728,C005128,Duplicate pattern,0.876,0,,,8
A00729,C005873,Duplicate pattern,0.4866,0,,,14
A00730,C004102,Amount outlier,0.3057,1,0,2.59,0
A00731,C005033,Velocity,0.3394,1,0,2.28,0
A00732,C005575,Duplicate pattern,0.3371,1,0,3.39,0
A00733,C000797,Duplicate pattern,0.2245,1,0,0.75,0
A00734,C000264,Amount outlier,0.8847,0,,,21
A00735,C001974,Amount outlier,0.2071,1,0,0.73,0
A00736,C003505,Velocity,0.1934,1,1,0.67,0
A00737,C003823,Duplicate pattern,0.9707,1,1,1.92,0
A00738,C001664,Amount outlier,0.7264,1,0,0.5,0
A00739,C000292,Velocity,0.9336,1,1,1.19,0
A00740,C002866,Duplicate pattern,0.9452,0,,,13
A00741,C001962,Velocity,0.6933,1,0,3.04,0
A00742,C005981,Duplicate pattern,0.2659,1,1,3.01,0
A00743,C000563,Duplicate pattern,0.5038,1,1,3.39,0
A00744,C005818,Velocity,0.8569,1,1,0.87,0
A00745,C000227,Amount outlier,0.1861,1,0,3.43,0
A00746,C000047,Velocity,0.4103,1,0,3.42,0
A00747,C005371,Amount outlier,0.2898,1,0,1.19,0
A00748,C004841,Duplicate pattern,0.0945,1,0,2.48,0
A00749,C001191,Duplicate pattern,0.1616,1,0,2.74,0
A00750,C001361,Velocity,0.1002,1,0,2.1,0
A00751,C001460,Duplicate pattern,0.4908,1,1,3.04,0
A00752,C005017,Velocity,0.8555,1,1,1.47,0
A00753,C001499,Amount outlier,0.6591,0,,,8
A00754,C003350,Duplicate pattern,0.4463,1,0,2.37,0
A00755,C001998,Amount outlier,0.1794,1,0,1.53,0
A00756,C002132,Duplicate pattern,0.4652,1,0,0.92,0
A00757,C001782,Velocity,0.1186,1,0,1.45,0
A00758,C000829,Velocity,0.86,1,0,2.24,0
A00759,C001037,Velocity,0.6543,0,,,6
A00760,C004666,Velocity,0.0924,1,0,1.82,0
A00761,C000129,Amount outlier,0.7942,1,1,3.46,0
A00762,C004839,Duplicate pattern,0.9065,1,0,1.51,0
A00763,C001122,Duplicate pattern,0.2423,0,,,1
A00764,C001955,Velocity,0.3292,0,,,3
A00765,C003450,Duplicate pattern,0.0265,1,0,1.5,0
A00766,C000042,Velocity,0.2367,1,0,3.3,0
A00767,C001071,Amount outlier,0.247,1,0,1.34,0
A00768,C002462,Duplicate pattern,0.0687,1,0,0.95,0
A00769,C000552,Duplicate pattern,0.4548,1,0,3.34,0
A00770,C004284,Amount outlier,0.8376,1,0,3.34,0
A00771,C000523,Amount outlier,0.3771,1,1,2.82,0
A00772,C001080,Velocity,0.1614,1,0,1.88,0
A00773,C004946,Amount outlier,0.9359,1,1,0.73,0
A00774,C003647,Amount outlier,0.4962,1,0,2.96,0
A00775,C004366,Amount outlier,0.7186,1,0,1.65,0
A00776,C005101,Velocity,0.3169,1,0,1.11,0
A00777,C004297,Duplicate pattern,0.5891,1,0,2.52,0
A00778,C003424,Duplicate pattern,0.1676,0,,,4
A00779,C000473,Amount outlier,0.3416,1,1,2.2,0
A00780,C002466,Velocity,0.9568,1,0,1.17,0
A00781,C000838,Velocity,0.9056,0,,,4
A00782,C001512,Velocity,0.716,1,1,3.0,0
A00783,C002264,Velocity,0.8342,1,0,1.45,0
A00784,C001943,Duplicate pattern,0.6652,1,0,0.59,0
A00785,C004229,Velocity,0.7545,1,1,2.07,0
A00786,C004724,Amount outlier,0.118,1,0,0.7,0
A00787,C001042,Amount outlier,0.2474,1,1,1.3,0
A00788,C001627,Velocity,0.4213,1,0,1.3,0
A00789,C004026,Amount outlier,0.1914,1,0,2.91,0
A00790,C000084,Duplicate pattern,0.7373,0,,,11
A00791,C004396,Velocity,0.3998,1,0,0.75,0
A00792,C003873,Amount outlier,0.3224,1,1,3.49,0
A00793,C005300,Amount outlier,0.7759,1,1,3.33,0
A00794,C002827,Duplicate pattern,0.9257,1,1,2.08,0
A00795,C002513,Velocity,0.0531,1,0,2.72,0
A00796,C005969,Duplicate pattern,0.4222,1,0,2.06,0
A00797,C003627,Velocity,0.7587,1,1,2.73,0
A00798,C005647,Velocity,0.5557,1,1,2.85,0
A00799,C005303,Velocity,0.5061,1,0,1.36,0
A00800,C000408,Amount outlier,0.3521,0,,,21
A00801,C000846,Velocity,0.3217,1,0,1.52,0
A00802,C003070,Amount outlier,0.8268,1,1,0.89,0
A00803,C005630,Amount outlier,0.7153,1,0,1.35,0
A00804,C002129,Amount outlier,0.6605,1,1,2.29,0
A00805,C001311,Amount outlier,0.879,0,,,23
A00806,C004198,Duplicate pattern,0.3121,1,0,0.87,0
A00807,C001951,Velocity,0.9624,1,1,2.56,0
A00808,C001851,Velocity,0.3882,1,0,2.2,0
A00809,C003623,Duplicate pattern,0.309,0,,,19
A00810,C000008,Duplicate pattern,0.5756,1,1,2.27,0
A00811,C005009,Amount outlier,0.156,1,1,0.52,0
A00812,C002093,Duplicate pattern,0.7967,0,,,23
A00813,C003672,Velocity,0.9239,1,1,0.93,0
A00814,C001073,Amount outlier,0.4447,1,0,2.87,0
A00815,C001437,Amount outlier,0.734,1,1,3.44,0
A00816,C005153,Amount outlier,0.841,1,0,1.58,0
A00817,C003328,Duplicate pattern,0.7474,1,0,3.22,0
A00818,C001588,Amount outlier,0.6625,1,1,0.89,0
A00819,C003941,Amount outlier,0.6107,1,0,2.31,0
A00820,C003364,Amount outlier,0.1538,1,0,3.13,0
A00821,C002306,Duplicate pattern,0.82,1,0,3.03,0
A00822,C004160,Velocity,0.545,1,0,2.31,0
A00823,C003624,Amount outlier,0.3998,1,0,2.5,0
A00824,C005541,Velocity,0.7536,1,1,0.94,0
A00825,C002544,Duplicate pattern,0.0149,1,0,3.14,0
A00826,C003176,Amount outlier,0.7083,0,,,9
A00827,C005746,Velocity,0.9664,1,1,2.86,0
A00828,C003434,Amount outlier,0.5583,1,0,1.31,0
A00829,C002726,Amount outlier,0.1498,1,0,2.82,0
A00830,C001065,Amount outlier,0.8896,1,0,2.01,0
A00831,C005557,Velocity,0.3594,1,1,2.84,0
A00832,C002993,Amount outlier,0.5124,1,0,2.57,0
A00833,C001355,Amount outlier,0.6931,0,,,12
A00834,C001928,Duplicate pattern,0.1669,1,0,2.32,0
A00835,C002910,Velocity,0.2338,0,,,18
A00836,C000603,Velocity,0.1714,0,,,10
A00837,C002842,Amount outlier,0.3728,1,0,2.46,0
A00838,C001501,Duplicate pattern,0.1923,1,0,2.39,0
A00839,C001599,Duplicate pattern,0.0279,1,0,1.95,0
A00840,C003728,Velocity,0.9002,1,1,3.16,0
A00841,C005501,Duplicate pattern,0.4135,0,,,4
A00842,C004669,Amount outlier,0.6039,1,1,0.51,0
A00843,C005070,Velocity,0.5249,1,0,2.68,0
A00844,C005651,Duplicate pattern,0.6491,1,0,3.19,0
A00845,C000051,Amount outlier,0.36,0,,,18
A00846,C001227,Velocity,0.5009,1,0,2.81,0
A00847,C003703,Duplicate pattern,0.8534,1,1,2.2,0
A00848,C001691,Velocity,0.7056,1,0,2.95,0
A00849,C005301,Amount outlier,0.4337,1,1,2.72,0
A00850,C002432,Velocity,0.6743,1,0,1.88,0
A00851,C000866,Amount outlier,0.2477,0,,,10
A00852,C005444,Duplicate pattern,0.8137,0,,,12
A00853,C004329,Duplicate pattern,0.9644,0,,,13
A00854,C001273,Duplicate pattern,0.0354,1,0,0.84,0
A00855,C004202,Duplicate pattern,0.9288,1,0,1.87,0
A00856,C002264,Amount outlier,0.5702,1,0,1.04,0
A00857,C003561,Amount outlier,0.5844,1,0,1.54,0
A00858,C000686,Velocity,0.7021,1,0,0.84,0
A00859,C001277,Amount outlier,0.0296,1,0,0.85,0
A00860,C003381,Velocity,0.7252,0,,,10
A00861,C000161,Velocity,0.1675,1,0,0.76,0
A00862,C002230,Velocity,0.9378,1,0,2.13,0
A00863,C002143,Duplicate pattern,0.8479,1,1,2.57,0
A00864,C002290,Amount outlier,0.5461,1,0,0.97,0
A00865,C001682,Duplicate pattern,0.5499,1,1,1.31,0
A00866,C001441,Velocity,0.9557,1,0,2.15,0
A00867,C003844,Velocity,0.4052,1,1,0.88,0
A00868,C000718,Velocity,0.9414,1,1,3.43,0
A00869,C000651,Amount outlier,0.8975,1,0,2.57,0
A00870,C005583,Duplicate pattern,0.51,1,0,0.87,0
A00871,C001175,Amount outlier,0.9802,1,1,1.97,0
A00872,C000757,Velocity,0.285,1,0,1.8,0
A00873,C002497,Amount outlier,0.8659,1,1,2.93,0
A00874,C002458,Amount outlier,0.9526,0,,,5
A00875,C003599,Duplicate pattern,0.8986,1,0,1.84,0
A00876,C005202,Velocity,0.4312,1,1,3.2,0
A00877,C005842,Velocity,0.3355,0,,,12
A00878,C001650,Velocity,0.4236,1,0,3.13,0
A00879,C001260,Velocity,0.8122,1,0,2.77,0
A00880,C005143,Amount outlier,0.8894,1,1,1.01,0
A00881,C004432,Amount outlier,0.8514,1,1,2.38,0
A00882,C005516,Velocity,0.8073,1,1,1.08,0
A00883,C004749,Velocity,0.9069,1,1,0.94,0
A00884,C003720,Amount outlier,0.1737,1,0,1.83,0
A00885,C000940,Velocity,0.9213,0,,,8
A00886,C001817,Amount outlier,0.1724,1,0,2.21,0
A00887,C005053,Amount outlier,0.0466,1,0,1.72,0
A00888,C003202,Duplicate pattern,0.7324,0,,,23
A00889,C003478,Duplicate pattern,0.6158,0,,,21
A00890,C002206,Amount outlier,0.7527,0,,,13
A00891,C004101,Velocity,0.9859,1,1,0.73,0
A00892,C000063,Velocity,0.1649,1,0,1.97,0
A00893,C001280,Amount outlier,0.7471,1,1,2.98,0
A00894,C001131,Velocity,0.341,0,,,5
A00895,C000793,Velocity,0.844,1,1,2.75,0
A00896,C005097,Amount outlier,0.1666,1,0,2.38,0
A00897,C002199,Amount outlier,0.4878,1,0,2.45,0
A00898,C004750,Amount outlier,0.0564,1,0,3.04,0
A00899,C005771,Amount outlier,0.4984,1,1,1.22,0
A00900,C005359,Amount outlier,0.0735,0,,,12
A00901,C005147,Amount outlier,0.7366,1,1,2.02,0
A00902,C002141,Duplicate pattern,0.789,1,0,1.94,0
A00903,C002860,Velocity,0.5502,1,1,0.98,0
A00904,C003058,Velocity,0.7225,1,0,3.31,0
A00905,C005609,Duplicate pattern,0.731,1,1,1.24,0
A00906,C000426,Duplicate pattern,0.5439,1,0,2.81,0
A00907,C001092,Velocity,0.155,1,1,0.89,0
A00908,C005725,Velocity,0.9957,1,1,3.42,0
A00909,C003650,Amount outlier,0.3155,1,0,1.11,0
A00910,C004103,Amount outlier,0.7578,1,1,3.02,0
A00911,C000730,Amount outlier,0.3106,1,0,2.01,0
A00912,C000752,Duplicate pattern,0.0678,1,0,0.91,0
A00913,C001446,Amount outlier,0.6974,1,0,0.56,0
A00914,C000046,Amount outlier,0.66,1,0,3.25,0
A00915,C005000,Velocity,0.5744,1,0,2.7,0
A00916,C003192,Duplicate pattern,0.5322,1,0,2.74,0
A00917,C004873,Duplicate pattern,0.7736,1,0,2.54,0
A00918,C005390,Velocity,0.292,1,1,2.09,0
A00919,C005073,Velocity,0.7327,1,1,0.97,0
A00920,C000007,Amount outlier,0.7649,1,0,3.31,0
A00921,C000602,Velocity,0.0917,1,1,2.8,0
A00922,C004646,Velocity,0.9178,1,0,2.41,0
A00923,C002793,Amount outlier,0.7394,0,,,19
A00924,C003533,Duplicate pattern,0.0356,1,1,0.71,0
A00925,C001869,Duplicate pattern,0.4505,1,0,3.43,0
A00926,C000940,Amount outlier,0.7054,1,1,2.64,0
A00927,C003734,Velocity,0.6419,1,1,2.16,0
A00928,C001388,Duplicate pattern,0.7158,1,1,0.5,0
A00929,C004573,Velocity,0.3467,0,,,13
A00930,C000296,Amount outlier,0.5246,1,0,2.86,0
A00931,C001523,Amount outlier,0.7485,0,,,20
A00932,C004468,Amount outlier,0.5303,0,,,1
A00933,C005828,Velocity,0.356,1,0,0.83,0
A00934,C005425,Amount outlier,0.1899,1,0,3.03,0
A00935,C002465,Velocity,0.5317,0,,,9
A00936,C001586,Amount outlier,0.5123,1,0,2.66,0
A00937,C000851,Amount outlier,0.5976,1,0,1.09,0
A00938,C003761,Amount outlier,0.8291,0,,,22
A00939,C005011,Velocity,0.2498,1,0,2.54,0
A00940,C005291,Duplicate pattern,0.3365,1,0,0.81,0
A00941,C004580,Duplicate pattern,0.3793,1,1,3.05,0
A00942,C003008,Amount outlier,0.2064,1,0,1.53,0
A00943,C003553,Velocity,0.5221,0,,,15
A00944,C002027,Amount outlier,0.5744,0,,,19
A00945,C000468,Amount outlier,0.0287,1,0,2.56,0
A00946,C001252,Duplicate pattern,0.2867,1,0,3.33,0
A00947,C004666,Amount outlier,0.2666,1,0,3.43,0
A00948,C003473,Velocity,0.6731,1,1,1.2,0
A00949,C000776,Velocity,0.6969,1,0,2.51,0
A00950,C000099,Amount outlier,0.7479,1,1,2.37,0
A00951,C003220,Duplicate pattern,0.1052,1,0,1.24,0
A00952,C002426,Amount outlier,0.9071,1,1,2.42,0
A00953,C005192,Duplicate pattern,0.9775,1,1,3.03,0
A00954,C004430,Amount outlier,0.9155,1,1,1.81,0
A00955,C004510,Duplicate pattern,0.9395,0,,,3
A00956,C000879,Duplicate pattern,0.647,1,1,0.65,0
A00957,C000459,Duplicate pattern,0.2819,1,1,1.8,0
A00958,C003277,Duplicate pattern,0.1596,1,0,3.36,0
A00959,C000570,Duplicate pattern,0.8621,1,1,0.93,0
A00960,C004297,Velocity,0.0311,1,0,1.44,0
A00961,C003221,Duplicate pattern,0.6782,1,0,2.92,0
A00962,C001436,Amount outlier,0.7222,1,1,2.6,0
A00963,C003852,Amount outlier,0.6185,1,0,2.12,0
A00964,C000635,Velocity,0.4397,1,0,2.38,0
A00965,C001616,Amount outlier,0.3164,1,0,2.25,0
A00966,C005097,Velocity,0.582,1,0,1.88,0
A00967,C005069,Velocity,0.7364,1,0,2.88,0
A00968,C001885,Duplicate pattern,0.445,0,,,5
A00969,C003509,Velocity,0.8833,0,,,2
A00970,C003161,Amount outlier,0.9505,1,1,1.02,0
A00971,C005757,Amount outlier,0.2624,0,,,2
A00972,C003772,Amount outlier,0.6579,0,,,2
A00973,C000055,Duplicate pattern,0.8919,1,0,2.03,0
A00974,C002274,Amount outlier,0.2264,1,0,2.47,0
A00975,C005064,Velocity,0.5089,0,,,1
A00976,C005857,Duplicate pattern,0.2851,1,0,2.53,0
A00977,C002516,Duplicate pattern,0.4351,0,,,7
A00978,C001056,Duplicate pattern,0.4296,1,1,0.87,0
A00979,C004017,Amount outlier,0.1473,1,0,1.99,0
A00980,C003632,Duplicate pattern,0.8997,0,,,10
A00981,C002516,Velocity,0.4388,1,0,3.32,0
A00982,C000120,Amount outlier,0.8794,1,0,2.38,0
A00983,C001223,Duplicate pattern,0.9878,1,1,2.18,0
A00984,C001831,Amount outlier,0.1412,1,0,1.53,0
A00985,C002977,Velocity,0.7326,1,0,2.57,0
A00986,C004991,Amount outlier,0.3393,1,0,0.58,0
A00987,C004610,Amount outlier,0.1195,1,0,2.85,0
A00988,C003795,Velocity,0.1961,1,0,1.44,0
A00989,C001318,Velocity,0.8478,1,0,2.06,0
A00990,C005205,Duplicate pattern,0.877,1,0,2.75,0
A00991,C005970,Duplicate pattern,0.044,1,0,2.01,0
A00992,C001044,Amount outlier,0.4979,1,0,2.92,0
A00993,C000015,Velocity,0.9156,1,1,1.95,0
A00994,C005934,Velocity,0.0175,1,0,2.19,0
A00995,C005370,Duplicate pattern,0.1322,0,,,1
A00996,C005143,Duplicate pattern,0.4601,1,1,3.29,0
A00997,C003359,Amount outlier,0.7348,1,1,1.32,0
A00998,C004094,Amount outlier,0.3339,1,0,3.02,0
A00999,C003211,Duplicate pattern,0.6749,1,1,2.02,0
A01000,C003350,Duplicate pattern,0.8367,0,,,3
A01001,C001748,Velocity,0.2385,0,,,17
A01002,C000097,Amount outlier,0.7403,1,1,1.07,0
A01003,C004366,Velocity,0.7196,1,0,0.62,0
A01004,C004809,Velocity,0.9789,0,,,2
A01005,C001194,Duplicate pattern,0.8976,1,1,3.21,0
A01006,C002408,Amount outlier,0.1697,0,,,22
A01007,C000147,Amount outlier,0.9868,1,1,2.51,0
A01008,C001599,Duplicate pattern,0.6248,1,1,1.28,0
A01009,C002873,Duplicate pattern,0.9894,0,,,13
A01010,C003365,Amount outlier,0.6454,1,0,1.13,0
A01011,C001517,Duplicate pattern,0.7375,1,1,2.16,0
A01012,C002138,Velocity,0.7931,1,1,1.27,0
A01013,C003674,Amount outlier,0.2623,1,0,1.58,0
A01014,C004230,Velocity,0.9128,1,1,2.7,0
A01015,C005951,Velocity,0.3436,0,,,15
A01016,C000166,Velocity,0.1582,0,,,2
A01017,C003090,Velocity,0.9038,1,1,3.09,0
A01018,C003535,Duplicate pattern,0.607,0,,,6
A01019,C005850,Amount outlier,0.8175,1,1,1.77,0
A01020,C002298,Velocity,0.5304,1,1,2.22,0
A01021,C000676,Velocity,0.2015,1,0,2.17,0
A01022,C003259,Amount outlier,0.0399,0,,,21
A01023,C003303,Velocity,0.9697,0,,,23
A01024,C004109,Velocity,0.2009,0,,,10
A01025,C005607,Duplicate pattern,0.9822,0,,,2
A01026,C001109,Velocity,0.2097,1,0,2.86,0
A01027,C002641,Amount outlier,0.3416,1,0,3.21,0
A01028,C003883,Duplicate pattern,0.7504,1,0,1.02,0
A01029,C004206,Velocity,0.2189,0,,,22
A01030,C005659,Velocity,0.9693,1,1,2.98,0
A01031,C000630,Amount outlier,0.2133,1,0,2.75,0
A01032,C005210,Velocity,0.0949,0,,,14
A01033,C003765,Amount outlier,0.6323,1,1,0.63,0
A01034,C004279,Amount outlier,0.4656,1,0,2.81,0
A01035,C001524,Duplicate pattern,0.2589,1,0,2.27,0
A01036,C002975,Amount outlier,0.0977,1,0,2.0,0
A01037,C002068,Velocity,0.0292,0,,,11
A01038,C005620,Amount outlier,0.2636,1,0,1.82,0
A01039,C000596,Velocity,0.5887,1,0,2.9,0
A01040,C003201,Duplicate pattern,0.5304,1,1,1.72,0
A01041,C000288,Duplicate pattern,0.98,1,1,0.82,0
A01042,C002610,Amount outlier,0.2196,1,0,2.63,0
A01043,C000716,Velocity,0.5269,0,,,24
A01044,C003249,Duplicate pattern,0.8903,1,0,1.28,0
A01045,C004008,Velocity,0.0662,1,0,1.33,0
A01046,C003247,Amount outlier,0.1831,1,0,1.56,0
A01047,C003016,Velocity,0.3484,1,1,1.09,0
A01048,C005095,Velocity,0.6715,0,,,14
A01049,C001529,Velocity,0.1284,1,0,2.46,0
A01050,C005099,Duplicate pattern,0.0275,1,0,1.2,0
A01051,C003799,Velocity,0.1999,1,0,3.09,0
A01052,C002446,Duplicate pattern,0.2556,1,0,0.93,0
A01053,C001319,Velocity,0.7569,1,0,2.17,0
A01054,C004576,Velocity,0.4207,0,,,7
A01055,C002959,Velocity,0.1842,0,,,5
A01056,C003971,Duplicate pattern,0.3688,1,0,3.39,0
A01057,C002462,Amount outlier,0.9193,1,0,1.7,0
A01058,C001327,Velocity,0.218,0,,,18
A01059,C005312,Velocity,0.2747,1,0,3.15,0
A01060,C003709,Amount outlier,0.6465,0,,,8
A01061,C004599,Velocity,0.1724,1,0,0.58,0
A01062,C003857,Duplicate pattern,0.283,1,0,1.74,0
A01063,C001671,Duplicate pattern,0.3053,1,0,2.81,0
A01064,C001710,Velocity,0.6773,1,0,1.21,0
A01065,C003092,Amount outlier,0.8205,1,1,0.89,0
A01066,C003994,Duplicate pattern,0.5941,1,0,2.76,0
A01067,C005444,Amount outlier,0.7801,1,0,2.36,0
A01068,C004248,Amount outlier,0.0012,1,0,2.85,0
A01069,C003512,Duplicate pattern,0.6473,1,0,2.22,0
A01070,C005573,Velocity,0.3003,1,0,3.3,0
A01071,C002994,Duplicate pattern,0.2001,1,0,2.06,0
A01072,C000033,Amount outlier,0.5997,1,1,1.88,0
A01073,C000215,Velocity,0.2084,1,0,2.47,0
A01074,C000509,Duplicate pattern,0.7395,1,0,3.17,0
A01075,C001886,Velocity,0.1001,1,1,1.83,0
A01076,C004187,Duplicate pattern,0.0266,1,1,1.43,0
A01077,C005986,Velocity,0.0291,1,0,2.43,0
A01078,C000914,Duplicate pattern,0.1457,1,0,3.25,0
A01079,C003442,Duplicate pattern,0.1509,1,1,0.71,0
A01080,C004263,Amount outlier,0.9324,0,,,20
A01081,C005569,Amount outlier,0.7933,1,1,1.89,0
A01082,C004771,Duplicate pattern,0.3891,1,1,1.01,0
A01083,C002376,Amount outlier,0.9012,1,1,2.49,0
A01084,C002882,Amount outlier,0.2819,1,0,1.83,0
A01085,C003285,Amount outlier,0.7948,1,0,2.61,0
A01086,C000333,Amount outlier,0.743,0,,,22
A01087,C004070,Amount outlier,0.0426,1,0,2.29,0
A01088,C001483,Velocity,0.4206,1,0,2.23,0
A01089,C003887,Amount outlier,0.6259,0,,,14
A01090,C000357,Velocity,0.0218,1,0,2.75,0
A01091,C005703,Amount outlier,0.0594,1,0,2.48,0
A01092,C002031,Duplicate pattern,0.2383,1,1,0.7,0
A01093,C005633,Duplicate pattern,0.7559,0,,,19
A01094,C005333,Amount outlier,0.299,1,0,2.6,0
A01095,C003104,Duplicate pattern,0.5537,0,,,17
A01096,C005198,Duplicate pattern,0.7575,1,0,3.33,0
A01097,C001339,Duplicate pattern,0.0137,0,,,18
A01098,C002268,Velocity,0.6415,1,0,1.24,0
A01099,C000415,Duplicate pattern,0.5872,1,0,2.27,0
A01100,C000824,Duplicate pattern,0.5646,1,0,3.29,0
A01101,C000148,Amount outlier,0.6208,1,0,2.23,0
A01102,C004813,Amount outlier,0.488,1,0,1.1,0
A01103,C001383,Velocity,0.5916,1,0,2.0,0
A01104,C005574,Duplicate pattern,0.4344,1,0,2.46,0
A01105,C005959,Velocity,0.6726,1,0,1.6,0
A01106,C001573,Duplicate pattern,0.8457,1,0,1.05,0
A01107,C005615,Duplicate pattern,0.2279,1,1,3.23,0
A01108,C003104,Amount outlier,0.9551,0,,,23
A01109,C003925,Amount outlier,0.512,1,0,1.08,0
A01110,C001482,Amount outlier,0.1193,1,0,3.18,0
A01111,C004657,Velocity,0.4153,1,0,0.57,0
A01112,C002843,Duplicate pattern,0.0789,1,0,0.84,0
A01113,C001567,Amount outlier,0.4432,1,0,3.38,0
A01114,C000214,Amount outlier,0.524,1,0,3.01,0
A01115,C003534,Amount outlier,0.5707,1,0,2.64,0
A01116,C003908,Duplicate pattern,0.4895,1,1,2.16,0
A01117,C005602,Amount outlier,0.4035,1,0,3.03,0
A01118,C002544,Amount outlier,0.9902,1,0,0.66,0
A01119,C001531,Amount outlier,0.4775,0,,,1
A01120,C004049,Duplicate pattern,0.3317,1,0,2.41,0
A01121,C003421,Duplicate pattern,0.6032,1,0,3.08,0
A01122,C000307,Velocity,0.6612,0,,,16
A01123,C005065,Amount outlier,0.2784,1,0,1.95,0
A01124,C005564,Duplicate pattern,0.4095,1,0,3.48,0
A01125,C005518,Duplicate pattern,0.9651,1,0,2.76,0
A01126,C000088,Amount outlier,0.4058,1,0,0.63,0
A01127,C003544,Amount outlier,0.8173,1,0,1.12,0
A01128,C004469,Duplicate pattern,0.684,1,1,2.93,0
A01129,C004910,Velocity,0.8022,1,0,0.56,0
A01130,C000992,Velocity,0.7969,0,,,23
A01131,C001687,Duplicate pattern,0.523,0,,,4
A01132,C000485,Velocity,0.4125,1,1,2.44,0
A01133,C003997,Velocity,0.6015,1,1,2.39,0
A01134,C003920,Amount outlier,0.4854,1,0,2.12,0
A01135,C002441,Duplicate pattern,0.1121,1,0,0.95,0
A01136,C005493,Amount outlier,0.4042,1,1,2.65,0
A01137,C002942,Velocity,0.0564,1,0,0.65,0
A01138,C005425,Amount outlier,0.5842,1,1,3.0,0
A01139,C002996,Amount outlier,0.5971,1,0,2.14,0
A01140,C000292,Amount outlier,0.801,1,1,3.47,0
A01141,C004407,Amount outlier,0.8776,1,1,1.75,0
A01142,C005732,Amount outlier,0.449,1,1,2.88,0
A01143,C005267,Amount outlier,0.8304,1,0,3.43,0
A01144,C005482,Velocity,0.0454,1,0,1.35,0
A01145,C002228,Amount outlier,0.303,1,0,1.34,0
A01146,C002176,Amount outlier,0.4692,1,1,1.7,0
A01147,C005822,Amount outlier,0.1838,1,0,1.22,0
A01148,C004842,Duplicate pattern,0.7313,1,0,2.03,0
A01149,C002559,Amount outlier,0.3651,1,1,3.35,0
A01150,C000692,Velocity,0.4957,1,1,2.84,0
A01151,C003151,Velocity,0.9329,1,1,2.78,0
A01152,C000154,Duplicate pattern,0.9366,0,,,17
A01153,C004136,Duplicate pattern,0.8695,0,,,10
A01154,C005213,Duplicate pattern,0.7694,1,0,0.51,0
A01155,C002393,Amount outlier,0.3612,1,0,1.11,0
A01156,C004530,Duplicate pattern,0.6712,1,1,3.13,0
A01157,C003409,Amount outlier,0.7454,1,0,1.36,0
A01158,C002383,Duplicate pattern,0.4859,1,0,0.83,0
A01159,C004676,Amount outlier,0.2837,1,0,1.25,0
A01160,C003920,Velocity,0.6587,1,1,2.34,0
A01161,C001232,Amount outlier,0.04,1,0,3.0,0
A01162,C001870,Amount outlier,0.0533,1,0,2.39,0
A01163,C000509,Amount outlier,0.2972,0,,,20
A01164,C001140,Duplicate pattern,0.7666,1,1,0.6,0
A01165,C005526,Duplicate pattern,0.3558,1,0,2.84,0
A01166,C000028,Amount outlier,0.1893,1,0,2.53,0
A01167,C003134,Duplicate pattern,0.4899,1,0,3.43,0
A01168,C001836,Duplicate pattern,0.3458,1,0,3.48,0
A01169,C004997,Amount outlier,0.597,1,0,3.37,0
A01170,C001784,Velocity,0.103,1,0,1.68,0
A01171,C001806,Velocity,0.9278,1,0,0.59,0
A01172,C002559,Amount outlier,0.3942,0,,,12
A01173,C003848,Velocity,0.433,1,0,2.67,0
A01174,C001360,Duplicate pattern,0.4044,1,0,1.26,0
A01175,C004572,Duplicate pattern,0.2915,1,0,3.27,0
A01176,C005686,Duplicate pattern,0.4403,1,1,0.64,0
A01177,C005772,Amount outlier,0.3065,0,,,1
A01178,C004967,Amount outlier,0.7961,0,,,22
A01179,C003707,Amount outlier,0.0115,1,1,1.23,0
A01180,C005857,Duplicate pattern,0.5374,1,0,1.97,0
A01181,C004983,Amount outlier,0.3013,0,,,18
A01182,C004221,Amount outlier,0.2088,1,0,2.2,0
A01183,C004538,Duplicate pattern,0.3334,1,0,0.54,0
A01184,C003674,Velocity,0.1102,1,0,2.42,0
A01185,C005637,Amount outlier,0.8757,1,1,3.21,0
A01186,C005346,Velocity,0.3952,1,1,2.74,0
A01187,C004759,Velocity,0.2018,1,0,2.28,0
A01188,C000769,Duplicate pattern,0.4693,0,,,18
A01189,C001924,Velocity,0.5262,1,0,3.19,0
A01190,C001848,Amount outlier,0.5533,1,0,1.06,0
A01191,C001057,Duplicate pattern,0.6363,1,1,1.98,0
A01192,C004805,Amount outlier,0.521,1,0,1.04,0
A01193,C001827,Amount outlier,0.7706,1,1,0.87,0
A01194,C005592,Duplicate pattern,0.6384,1,1,2.45,0
A01195,C004871,Amount outlier,0.7945,1,1,1.69,0
A01196,C001032,Duplicate pattern,0.437,1,1,2.35,0
A01197,C004871,Velocity,0.348,0,,,6
A01198,C000481,Velocity,0.5032,1,1,3.33,0
A01199,C005449,Velocity,0.4816,1,0,2.09,0
A01200,C005856,Velocity,0.6387,1,1,1.02,0
A01201,C001577,Duplicate pattern,0.8545,1,1,2.69,0
A01202,C001043,Velocity,0.9802,1,0,2.96,0
A01203,C003464,Duplicate pattern,0.2291,1,0,2.3,0
A01204,C005050,Velocity,0.662,1,1,3.45,0
A01205,C005635,Velocity,0.8956,1,1,1.8,0
A01206,C005910,Velocity,0.7919,1,0,2.85,0
A01207,C005586,Duplicate pattern,0.7604,1,1,0.57,0
A01208,C002146,Velocity,0.5261,0,,,6
A01209,C005354,Amount outlier,0.3483,1,0,1.21,0
A01210,C002732,Duplicate pattern,0.511,1,0,2.98,0
A01211,C001055,Duplicate pattern,0.8571,0,,,14
A01212,C000308,Duplicate pattern,0.3938,1,0,1.98,0
A01213,C001212,Amount outlier,0.612,1,0,3.28,0
A01214,C003841,Duplicate pattern,0.8146,0,,,8
A01215,C001250,Duplicate pattern,0.5376,1,1,2.94,0
A01216,C003675,Amount outlier,0.3852,1,1,3.11,0
A01217,C000645,Amount outlier,0.742,1,1,0.51,0
A01218,C001339,Duplicate pattern,0.7562,1,0,1.44,0
A01219,C004451,Amount outlier,0.6532,0,,,22
A01220,C001974,Velocity,0.74,0,,,7
A01221,C004591,Velocity,0.617,1,0,2.99,0
A01222,C003335,Velocity,0.4398,1,0,1.83,0
A01223,C002644,Amount outlier,0.5503,1,0,2.31,0
A01224,C002794,Velocity,0.1053,1,0,1.3,0
A01225,C000339,Duplicate pattern,0.2246,1,0,0.54,0
A01226,C000801,Velocity,0.2808,1,0,2.62,0
A01227,C004118,Velocity,0.281,0,,,19
A01228,C001580,Duplicate pattern,0.8671,1,1,2.19,0
A01229,C004748,Amount outlier,0.4873,0,,,24
A01230,C002255,Amount outlier,0.4789,1,0,2.8,0
A01231,C005254,Duplicate pattern,0.1752,1,0,0.94,0
A01232,C001931,Amount outlier,0.3249,1,0,3.34,0
A01233,C000335,Duplicate pattern,0.9905,1,1,2.39,0
A01234,C001122,Velocity,0.702,1,0,1.96,0
A01235,C003447,Velocity,0.8038,0,,,4
A01236,C005299,Velocity,0.8339,1,1,1.6,0
A01237,C003882,Velocity,0.8191,0,,,1
A01238,C005789,Velocity,0.9805,1,1,2.74,0
A01239,C004677,Velocity,0.4138,1,0,3.25,0
A01240,C003624,Amount outlier,0.7752,1,1,1.46,0
A01241,C001322,Velocity,0.0097,1,0,2.11,0
A01242,C003068,Duplicate pattern,0.7216,0,,,22
A01243,C001252,Duplicate pattern,0.6194,1,0,0.99,0
A01244,C004436,Amount outlier,0.6079,1,0,0.54,0
A01245,C003009,Amount outlier,0.6973,1,0,1.69,0
A01246,C000350,Amount outlier,0.4487,1,1,3.4,0
A01247,C003203,Velocity,0.2915,1,1,2.59,0
A01248,C002381,Duplicate pattern,0.2308,1,0,0.83,0
A01249,C004093,Velocity,0.4759,1,0,1.96,0
A01250,C002900,Velocity,0.625,1,1,0.51,0
A01251,C003286,Duplicate pattern,0.8445,1,1,1.6,0
A01252,C004349,Amount outlier,0.9912,1,1,2.24,0
A01253,C003466,Amount outlier,0.4743,1,0,2.53,0
A01254,C005462,Amount outlier,0.3607,1,0,3.4,0
A01255,C005510,Duplicate pattern,0.7943,1,0,2.44,0
A01256,C001357,Duplicate pattern,0.7712,1,1,1.67,0
A01257,C002665,Amount outlier,0.3808,0,,,14
A01258,C000639,Amount outlier,0.1975,0,,,19
A01259,C003347,Amount outlier,0.0942,1,0,3.09,0
A01260,C000575,Amount outlier,0.467,1,0,1.91,0
A01261,C001961,Amount outlier,0.5616,1,0,2.55,0
A01262,C005970,Amount outlier,0.3374,1,1,1.2,0
A01263,C003017,Duplicate pattern,0.9588,1,1,2.38,0
A01264,C004789,Velocity,0.8062,1,0,1.86,0
A01265,C004708,Amount outlier,0.3832,0,,,14
A01266,C002129,Amount outlier,0.2011,1,0,1.29,0
A01267,C005564,Amount outlier,0.1435,0,,,22
A01268,C004146,Duplicate pattern,0.2779,1,0,2.29,0
A01269,C001869,Velocity,0.273,1,0,2.76,0
A01270,C001570,Amount outlier,0.7981,0,,,16
A01271,C004075,Amount outlier,0.3099,0,,,1
A01272,C003605,Duplicate pattern,0.0303,1,0,2.1,0
A01273,C003449,Velocity,0.8149,1,0,1.48,0
A01274,C004880,Amount outlier,0.6968,0,,,16
A01275,C000370,Velocity,0.6225,1,1,2.72,0
A01276,C002146,Velocity,0.3068,0,,,17
A01277,C000040,Velocity,0.3768,1,1,1.29,0
A01278,C002271,Duplicate pattern,0.5598,1,0,3.08,0
A01279,C000305,Amount outlier,0.9011,1,1,0.61,0
A01280,C000550,Velocity,0.1473,1,0,3.14,0
A01281,C005445,Amount outlier,0.8136,1,0,1.94,0
A01282,C004576,Amount outlier,0.9367,1,0,3.22,0
A01283,C005358,Duplicate pattern,0.0697,1,0,0.84,0
A01284,C002571,Amount outlier,0.2354,1,0,1.57,0
A01285,C004183,Velocity,0.3147,1,0,2.01,0
A01286,C002429,Duplicate pattern,0.9322,1,0,3.46,0
A01287,C001963,Duplicate pattern,0.5566,0,,,19
A01288,C004124,Velocity,0.3434,1,1,0.52,0
A01289,C004157,Velocity,0.5987,1,0,1.25,0
A01290,C004008,Duplicate pattern,0.0854,1,0,1.09,0
A01291,C003954,Duplicate pattern,0.7188,1,1,1.88,0
A01292,C001733,Velocity,0.5605,1,0,2.4,0
A01293,C004489,Velocity,0.231,1,0,3.36,0
A01294,C005657,Amount outlier,0.9409,1,1,2.33,0
A01295,C002147,Amount outlier,0.6233,1,1,1.42,0
A01296,C000592,Velocity,0.2206,1,0,0.71,0
A01297,C002976,Velocity,0.8095,0,,,5
A01298,C000513,Amount outlier,0.3596,1,0,2.8,0
A01299,C005363,Velocity,0.9284,1,0,2.71,0
A01300,C004131,Velocity,0.9271,1,1,2.46,0
A01301,C004734,Amount outlier,0.5903,1,1,3.29,0
A01302,C002756,Amount outlier,0.2712,1,0,3.23,0
A01303,C000987,Duplicate pattern,0.1907,1,0,2.36,0
A01304,C002582,Amount outlier,0.0575,1,0,2.47,0
A01305,C003460,Amount outlier,0.5153,0,,,10
A01306,C003914,Velocity,0.0506,0,,,9
A01307,C005867,Amount outlier,0.6365,1,0,2.93,0
A01308,C000735,Velocity,0.3086,0,,,7
A01309,C005197,Duplicate pattern,0.8273,1,0,1.05,0
A01310,C003690,Duplicate pattern,0.7552,1,1,2.78,0
A01311,C005115,Duplicate pattern,0.8831,1,1,1.48,0
A01312,C005301,Velocity,0.1248,1,0,1.85,0
A01313,C001696,Velocity,0.4594,1,1,1.95,0
A01314,C003329,Amount outlier,0.5286,1,0,0.67,0
A01315,C004788,Duplicate pattern,0.229,1,1,1.15,0
A01316,C003404,Velocity,0.6412,1,0,2.22,0
A01317,C002630,Amount outlier,0.4,1,1,2.6,0
A01318,C001399,Duplicate pattern,0.599,1,0,2.74,0
A01319,C003670,Duplicate pattern,0.1191,1,0,1.19,0
A01320,C000190,Duplicate pattern,0.2593,1,0,2.11,0
A01321,C001122,Amount outlier,0.8265,1,0,2.76,0
A01322,C005289,Velocity,0.3271,1,0,1.19,0
A01323,C005392,Amount outlier,0.7813,1,1,1.51,0
A01324,C001728,Velocity,0.8098,1,1,1.96,0
A01325,C005899,Velocity,0.2152,1,0,1.15,0
A01326,C001173,Duplicate pattern,0.0955,1,0,2.53,0
A01327,C002526,Amount outlier,0.246,1,1,2.16,0
A01328,C003235,Velocity,0.4788,0,,,24
A01329,C005941,Velocity,0.7184,1,0,1.63,0
A01330,C000749,Duplicate pattern,0.1786,1,0,2.63,0
A01331,C001523,Duplicate pattern,0.5475,1,0,1.42,0
A01332,C000734,Duplicate pattern,0.8691,1,0,2.17,0
A01333,C004380,Amount outlier,0.0919,1,0,1.87,0
A01334,C002480,Velocity,0.4032,1,0,2.3,0
A01335,C002721,Amount outlier,0.7028,1,0,2.66,0
A01336,C004800,Duplicate pattern,0.8317,1,1,2.6,0
A01337,C001685,Duplicate pattern,0.7113,1,0,3.06,0
A01338,C003404,Velocity,0.9682,0,,,19
A01339,C002395,Velocity,0.3739,1,0,3.19,0
A01340,C001598,Amount outlier,0.9796,1,0,0.56,0
A01341,C005819,Amount outlier,0.6735,0,,,20
A01342,C002711,Duplicate pattern,0.1602,0,,,24
A01343,C001089,Amount outlier,0.9658,1,0,2.04,0
A01344,C005795,Amount outlier,0.317,1,0,1.07,0
A01345,C005914,Duplicate pattern,0.6113,1,1,0.56,0
A01346,C001365,Amount outlier,0.0026,1,0,1.41,0
A01347,C003711,Duplicate pattern,0.0022,1,0,0.61,0
A01348,C001623,Duplicate pattern,0.5941,0,,,15
A01349,C002791,Amount outlier,0.7934,1,0,1.13,0
A01350,C003181,Duplicate pattern,0.8039,0,,,16
A01351,C002107,Duplicate pattern,0.6801,1,0,1.06,0
A01352,C000217,Duplicate pattern,0.2245,1,0,1.81,0
A01353,C000368,Duplicate pattern,0.3673,0,,,14
A01354,C005328,Duplicate pattern,0.0393,1,0,3.25,0
A01355,C004447,Duplicate pattern,0.403,1,1,1.35,0
A01356,C005041,Amount outlier,0.2612,1,0,2.83,0
A01357,C000805,Amount outlier,0.1731,0,,,6
A01358,C003836,Velocity,0.1025,1,0,2.5,0
A01359,C003204,Velocity,0.5622,1,0,3.28,0
A01360,C003143,Velocity,0.1338,1,1,2.31,0
A01361,C002624,Amount outlier,0.0827,1,0,2.94,0
A01362,C001360,Amount outlier,0.6002,1,0,3.29,0
A01363,C005421,Amount outlier,0.2125,0,,,5
A01364,C000242,Velocity,0.0022,1,0,1.04,0
A01365,C004030,Duplicate pattern,0.9614,1,0,2.26,0
A01366,C001012,Amount outlier,0.3339,1,0,0.68,0
A01367,C002921,Duplicate pattern,0.2524,0,,,17
A01368,C004715,Duplicate pattern,0.2516,1,0,0.74,0
A01369,C003270,Duplicate pattern,0.1392,1,0,2.18,0
A01370,C002038,Duplicate pattern,0.0783,1,0,3.28,0
A01371,C000669,Velocity,0.4602,1,1,1.47,0
A01372,C003777,Amount outlier,0.7791,1,0,1.86,0
A01373,C002914,Velocity,0.0032,1,0,3.38,0
A01374,C003809,Amount outlier,0.3603,1,0,3.3,0
A01375,C001020,Amount outlier,0.028,1,0,2.31,0
A01376,C004263,Duplicate pattern,0.6117,1,1,2.7,0
A01377,C003165,Amount outlier,0.4278,1,1,1.92,0
A01378,C001189,Velocity,0.4748,0,,,16
A01379,C002521,Amount outlier,0.4845,1,1,1.45,0
A01380,C002746,Duplicate pattern,0.1551,1,0,0.85,0
A01381,C003624,Velocity,0.3633,1,0,0.64,0
A01382,C003408,Duplicate pattern,0.9802,1,1,2.82,0
A01383,C001888,Amount outlier,0.6535,1,0,2.4,0
A01384,C003111,Amount outlier,0.2005,0,,,17
A01385,C002355,Amount outlier,0.9455,1,0,2.2,0
A01386,C004888,Amount outlier,0.8119,1,1,1.98,0
A01387,C005235,Velocity,0.9829,1,1,0.58,0
A01388,C001760,Duplicate pattern,0.8514,1,0,2.47,0
A01389,C002900,Velocity,0.0987,1,0,3.4,0
A01390,C000729,Duplicate pattern,0.9904,1,1,2.87,0
A01391,C005985,Duplicate pattern,0.2521,1,1,2.35,0
A01392,C003003,Duplicate pattern,0.6185,1,1,0.89,0
A01393,C002003,Velocity,0.7309,1,1,1.12,0
A01394,C004025,Velocity,0.5973,1,0,0.75,0
A01395,C002899,Amount outlier,0.4394,1,0,2.4,0
A01396,C005207,Velocity,0.7959,1,0,2.31,0
A01397,C002709,Velocity,0.7279,1,1,2.38,0
A01398,C000740,Velocity,0.7298,1,1,1.38,0
A01399,C005119,Duplicate pattern,0.7497,1,1,3.09,0
A01400,C000935,Velocity,0.122,1,0,3.46,0
A01401,C004276,Velocity,0.1387,1,0,2.11,0
A01402,C001669,Velocity,0.5526,1,0,0.52,0
A01403,C003280,Velocity,0.9079,0,,,16
A01404,C004173,Duplicate pattern,0.6396,1,1,2.93,0
A01405,C002228,Amount outlier,0.2178,0,,,5
A01406,C005997,Velocity,0.6243,1,1,1.83,0
A01407,C004146,Amount outlier,0.5313,1,0,2.88,0
A01408,C001308,Velocity,0.7024,1,0,3.15,0
A01409,C005496,Duplicate pattern,0.0035,1,0,1.65,0
A01410,C005835,Duplicate pattern,0.9152,1,1,2.69,0
A01411,C005136,Amount outlier,0.5168,1,0,2.11,0
A01412,C000818,Velocity,0.4063,1,0,1.34,0
A01413,C001221,Velocity,0.1656,1,0,2.96,0
A01414,C000788,Duplicate pattern,0.7289,1,1,2.68,0
A01415,C003740,Duplicate pattern,0.9159,0,,,4
A01416,C002742,Amount outlier,0.1974,0,,,22
A01417,C001639,Velocity,0.1279,1,1,2.92,0
A01418,C002807,Duplicate pattern,0.9068,1,0,0.89,0
A01419,C005792,Duplicate pattern,0.9573,1,0,1.12,0
A01420,C003506,Velocity,0.2909,1,0,2.26,0
A01421,C005704,Velocity,0.0679,0,,,18
A01422,C002858,Duplicate pattern,0.3203,1,0,1.08,0
A01423,C005180,Amount outlier,0.9558,1,1,1.7,0
A01424,C005937,Duplicate pattern,0.713,1,1,3.49,0
A01425,C004931,Amount outlier,0.1724,1,0,0.99,0
A01426,C000200,Amount outlier,0.9613,1,1,1.0,0
A01427,C000774,Amount outlier,0.5823,1,0,1.22,0
A01428,C001925,Velocity,0.5687,1,1,1.84,0
A01429,C003125,Velocity,0.9875,1,1,1.95,0
A01430,C004805,Velocity,0.6686,1,1,2.19,0
A01431,C002460,Velocity,0.6585,1,0,0.73,0
A01432,C004607,Amount outlier,0.1354,0,,,7
A01433,C004839,Duplicate pattern,0.5797,1,1,3.33,0
A01434,C003918,Amount outlier,0.3447,1,1,2.65,0
A01435,C002146,Amount outlier,0.0682,1,0,0.91,0
A01436,C000165,Duplicate pattern,0.3766,1,0,3.04,0
A01437,C003462,Velocity,0.6528,1,0,0.98,0
A01438,C001845,Amount outlier,0.3328,1,1,1.86,0
A01439,C004641,Velocity,0.0009,1,0,2.27,0
A01440,C001462,Duplicate pattern,0.2785,1,0,0.85,0
A01441,C004203,Duplicate pattern,0.1295,1,0,1.64,0
A01442,C001696,Duplicate pattern,0.0925,0,,,15
A01443,C002606,Duplicate pattern,0.4382,1,0,3.37,0
A01444,C004255,Velocity,0.1535,1,0,2.03,0
A01445,C004593,Amount outlier,0.152,0,,,7
A01446,C004015,Duplicate pattern,0.0728,1,0,1.03,0
A01447,C005615,Duplicate pattern,0.4867,1,0,3.21,0
A01448,C004061,Amount outlier,0.0051,1,1,3.49,0
A01449,C005491,Duplicate pattern,0.3186,1,1,2.81,0
A01450,C001344,Duplicate pattern,0.2463,0,,,17
A01451,C005518,Duplicate pattern,0.8227,1,0,2.11,0
A01452,C005877,Duplicate pattern,0.2735,1,0,2.39,0
A01453,C004222,Amount outlier,0.5485,1,0,1.11,0
A01454,C004129,Amount outlier,0.1877,0,,,5
A01455,C002307,Duplicate pattern,0.785,0,,,19
A01456,C005194,Amount outlier,0.8819,1,1,2.14,0
A01457,C005242,Velocity,0.0764,1,0,1.84,0
A01458,C005578,Amount outlier,0.2134,1,0,2.68,0
A01459,C003820,Amount outlier,0.0094,1,0,2.01,0
A01460,C004655,Velocity,0.2223,1,0,1.33,0
A01461,C000526,Velocity,0.9608,1,0,0.97,0
A01462,C004809,Velocity,0.6189,0,,,19
A01463,C000393,Velocity,0.9713,1,1,2.45,0
A01464,C005944,Duplicate pattern,0.4748,1,0,1.28,0
A01465,C002257,Velocity,0.6781,1,1,2.41,0
A01466,C005727,Amount outlier,0.398,1,0,2.63,0
A01467,C003024,Amount outlier,0.4556,0,,,20
A01468,C004503,Velocity,0.1045,1,0,1.86,0
A01469,C005494,Velocity,0.7889,1,0,3.06,0
A01470,C005901,Duplicate pattern,0.3625,1,0,1.83,0
A01471,C003182,Amount outlier,0.1483,1,0,2.1,0
A01472,C002064,Duplicate pattern,0.6997,1,1,2.97,0
A01473,C003085,Amount outlier,0.1249,1,1,3.18,0
A01474,C002201,Velocity,0.9796,1,1,1.41,0
A01475,C005820,Amount outlier,0.3049,1,0,0.53,0
A01476,C001278,Amount outlier,0.0053,0,,,19
A01477,C001570,Amount outlier,0.9547,0,,,22
A01478,C001838,Amount outlier,0.5738,1,1,0.72,0
A01479,C003972,Velocity,0.9198,1,1,1.29,0
A01480,C005421,Duplicate pattern,0.7,0,,,10
A01481,C004735,Velocity,0.3533,1,1,0.95,0
A01482,C005138,Amount outlier,0.6091,1,1,2.0,0
A01483,C002210,Duplicate pattern,0.3731,1,1,3.19,0
A01484,C002652,Amount outlier,0.9188,1,0,0.76,0
A01485,C001788,Duplicate pattern,0.3989,1,0,2.83,0
A01486,C005236,Velocity,0.6297,1,0,1.26,0
A01487,C002482,Amount outlier,0.3213,1,0,2.49,0
A01488,C005212,Amount outlier,0.9097,1,1,1.49,0
A01489,C003150,Amount outlier,0.7188,1,0,2.45,0
A01490,C004627,Amount outlier,0.8234,0,,,3
A01491,C004344,Velocity,0.348,1,0,2.01,0
A01492,C001456,Velocity,0.2166,1,0,2.58,0
A01493,C004553,Duplicate pattern,0.8009,1,1,2.23,0
A01494,C005709,Duplicate pattern,0.342,1,0,1.11,0
A01495,C001210,Amount outlier,0.7106,0,,,13
A01496,C003805,Amount outlier,0.5582,1,0,2.74,0
A01497,C000916,Duplicate pattern,0.5334,0,,,10
A01498,C005581,Duplicate pattern,0.568,1,0,1.79,0
A01499,C001202,Velocity,0.1152,0,,,12
A01500,C001763,Duplicate pattern,0.6776,1,0,3.39,0
A01501,C001922,Velocity,0.9318,1,0,0.69,0
A01502,C002738,Amount outlier,0.7004,1,0,1.22,0
A01503,C001889,Duplicate pattern,0.7119,1,0,1.81,0
A01504,C003755,Velocity,0.8847,1,0,2.68,0
A01505,C002885,Amount outlier,0.2934,1,0,1.07,0
A01506,C004156,Velocity,0.094,1,0,0.6,0
A01507,C003476,Amount outlier,0.3897,1,0,3.43,0
A01508,C003502,Amount outlier,0.3693,1,0,0.83,0
A01509,C005985,Velocity,0.7853,1,1,1.05,0
A01510,C002328,Duplicate pattern,0.8483,1,0,2.15,0
A01511,C005769,Duplicate pattern,0.6112,1,1,2.11,0
A01512,C002757,Amount outlier,0.4993,1,0,0.64,0
A01513,C002070,Duplicate pattern,0.0451,1,0,2.92,0
A01514,C000885,Velocity,0.7271,1,0,2.15,0
A01515,C003035,Amount outlier,0.4655,0,,,4
A01516,C001561,Velocity,0.5208,1,0,1.79,0
A01517,C004115,Duplicate pattern,0.1833,1,0,2.05,0
A01518,C004178,Amount outlier,0.4268,1,0,0.84,0
A01519,C001651,Velocity,0.4848,1,0,1.37,0
A01520,C004891,Duplicate pattern,0.892,1,1,3.46,0
A01521,C005395,Amount outlier,0.0228,1,1,3.36,0
A01522,C003100,Velocity,0.843,1,1,2.93,0
A01523,C005976,Duplicate pattern,0.4256,1,0,0.96,0
A01524,C005909,Amount outlier,0.8795,1,1,1.92,0
A01525,C005986,Duplicate pattern,0.2785,1,0,2.06,0
A01526,C004409,Amount outlier,0.0419,1,0,3.03,0
A01527,C005686,Velocity,0.1568,1,0,2.33,0
A01528,C002454,Amount outlier,0.4699,1,0,1.28,0
A01529,C005211,Velocity,0.0476,1,0,2.49,0
A01530,C001152,Amount outlier,0.8214,1,0,2.43,0
A01531,C000543,Velocity,0.0574,1,0,2.94,0
A01532,C004326,Velocity,0.1079,1,0,1.53,0
A01533,C003075,Duplicate pattern,0.6122,1,1,1.77,0
A01534,C004855,Amount outlier,0.5199,1,1,2.37,0
A01535,C002000,Duplicate pattern,0.2868,1,1,2.87,0
A01536,C001183,Amount outlier,0.4687,1,0,1.37,0
A01537,C001989,Velocity,0.4854,1,1,2.32,0
A01538,C001043,Velocity,0.8106,1,1,1.01,0
A01539,C000825,Amount outlier,0.3554,1,1,1.79,0
A01540,C004536,Duplicate pattern,0.3128,1,0,0.83,0
A01541,C000881,Amount outlier,0.4725,0,,,4
A01542,C000543,Velocity,0.9024,0,,,8
A01543,C002008,Amount outlier,0.0987,1,0,1.74,0
A01544,C004138,Duplicate pattern,0.0892,1,0,1.7,0
A01545,C000878,Amount outlier,0.1313,1,0,3.03,0
A01546,C004152,Duplicate pattern,0.1448,1,0,2.45,0
A01547,C004724,Amount outlier,0.8068,1,0,1.81,0
A01548,C000308,Duplicate pattern,0.3927,1,1,3.37,0
A01549,C005215,Amount outlier,0.7228,1,0,1.86,0
A01550,C003897,Duplicate pattern,0.978,1,1,3.27,0
A01551,C000949,Amount outlier,0.2638,1,0,1.63,0
A01552,C001795,Amount outlier,0.8107,0,,,4
A01553,C003656,Amount outlier,0.0588,1,0,1.52,0
A01554,C004261,Duplicate pattern,0.7529,1,1,2.64,0
A01555,C002099,Velocity,0.5624,1,0,0.71,0
A01556,C000626,Velocity,0.7763,1,0,0.88,0
A01557,C001488,Duplicate pattern,0.3146,1,0,1.34,0
A01558,C000306,Amount outlier,0.0958,1,0,3.11,0
A01559,C002734,Velocity,0.5739,1,0,2.63,0
A01560,C005820,Velocity,0.0168,1,1,1.51,0
A01561,C002556,Duplicate pattern,0.5376,1,0,0.97,0
A01562,C004540,Duplicate pattern,0.3109,1,1,3.26,0
A01563,C003309,Amount outlier,0.9968,1,1,3.49,0
A01564,C005830,Amount outlier,0.8027,1,1,1.44,0
A01565,C002561,Amount outlier,0.837,1,0,1.0,0
A01566,C002306,Amount outlier,0.5941,0,,,22
A01567,C005604,Velocity,0.0219,0,,,6
A01568,C000510,Velocity,0.0959,1,0,1.73,0
A01569,C002215,Duplicate pattern,0.4645,1,0,0.95,0
A01570,C000461,Duplicate pattern,0.3586,0,,,9
A01571,C003238,Velocity,0.296,1,0,1.99,0
A01572,C002549,Amount outlier,0.4451,1,1,2.9,0
A01573,C004575,Velocity,0.9624,1,1,2.33,0
A01574,C001677,Velocity,0.7446,1,1,0.68,0
A01575,C000527,Velocity,0.2546,1,0,0.99,0
A01576,C002072,Amount outlier,0.482,1,0,1.37,0
A01577,C000721,Duplicate pattern,0.6256,1,0,2.8,0
A01578,C000287,Velocity,0.2399,1,0,2.75,0
A01579,C001048,Duplicate pattern,0.9093,1,1,1.8,0
A01580,C001113,Duplicate pattern,0.6596,1,0,2.82,0
A01581,C005797,Velocity,0.5145,1,1,0.55,0
A01582,C000032,Amount outlier,0.4182,1,1,1.18,0
A01583,C001005,Velocity,0.6885,1,0,0.96,0
A01584,C000721,Amount outlier,0.9807,1,1,1.22,0
A01585,C002694,Velocity,0.2384,1,1,3.15,0
A01586,C003004,Velocity,0.0774,1,0,1.34,0
A01587,C000489,Velocity,0.3848,1,0,1.74,0
A01588,C001886,Duplicate pattern,0.2054,1,0,3.22,0
A01589,C000492,Duplicate pattern,0.0543,1,1,2.92,0
A01590,C005560,Amount outlier,0.7341,1,0,1.95,0
A01591,C000659,Amount outlier,0.5589,1,1,0.7,0
A01592,C003392,Duplicate pattern,0.2442,0,,,15
A01593,C002009,Duplicate pattern,0.9143,0,,,16
A01594,C003395,Velocity,0.0287,1,0,1.41,0
A01595,C002698,Velocity,0.3609,1,1,2.18,0
A01596,C002079,Duplicate pattern,0.8319,1,0,2.55,0
A01597,C004166,Velocity,0.1826,1,0,0.75,0
A01598,C000223,Duplicate pattern,0.9646,0,,,22
A01599,C003597,Velocity,0.9584,1,0,1.03,0
A01600,C005916,Duplicate pattern,0.4046,1,0,0.95,0
A01601,C000432,Velocity,0.1671,1,0,1.04,0
A01602,C000288,Amount outlier,0.3747,1,0,3.01,0
A01603,C000715,Velocity,0.3387,1,0,1.85,0
A01604,C002518,Velocity,0.0367,1,0,0.53,0
A01605,C002289,Velocity,0.347,0,,,18
A01606,C005544,Amount outlier,0.9238,1,1,2.63,0
A01607,C003946,Duplicate pattern,0.3335,1,0,2.21,0
A01608,C000667,Duplicate pattern,0.9795,0,,,2
A01609,C005370,Amount outlier,0.0739,1,0,2.3,0
A01610,C005338,Duplicate pattern,0.6278,1,1,1.04,0
A01611,C001086,Amount outlier,0.8259,1,1,1.9,0
A01612,C005541,Duplicate pattern,0.4461,0,,,7
A01613,C003566,Velocity,0.4413,1,1,2.97,0
A01614,C004793,Velocity,0.6155,1,0,2.24,0
A01615,C000287,Amount outlier,0.6947,1,0,1.96,0
A01616,C003633,Velocity,0.4503,1,0,2.27,0
A01617,C005319,Duplicate pattern,0.0299,0,,,21
A01618,C004549,Amount outlier,0.6315,1,0,1.18,0
A01619,C003769,Amount outlier,0.8216,1,0,0.64,0
A01620,C005096,Velocity,0.3387,1,0,1.68,0
A01621,C004566,Velocity,0.0391,1,1,2.09,0
A01622,C003012,Velocity,0.4997,0,,,19
A01623,C003553,Amount outlier,0.546,1,0,3.04,0
A01624,C001394,Velocity,0.5114,1,1,2.59,0
A01625,C002878,Duplicate pattern,0.7534,1,1,0.62,0
A01626,C004630,Duplicate pattern,0.5763,1,1,1.06,0
A01627,C005601,Velocity,0.8274,0,,,1
A01628,C003501,Velocity,0.3517,1,0,3.37,0
A01629,C001514,Duplicate pattern,0.4422,0,,,24
A01630,C005702,Velocity,0.4551,1,0,1.14,0
A01631,C005485,Amount outlier,0.194,1,0,0.7,0
A01632,C000960,Amount outlier,0.1562,1,1,1.41,0
A01633,C005652,Duplicate pattern,0.0115,1,0,3.01,0
A01634,C003859,Velocity,0.3659,1,0,2.0,0
A01635,C005543,Duplicate pattern,0.8577,1,1,2.67,0
A01636,C003233,Amount outlier,0.548,1,0,3.4,0
A01637,C005090,Velocity,0.2623,1,1,1.14,0
A01638,C005216,Duplicate pattern,0.6127,1,0,1.97,0
A01639,C000493,Velocity,0.6566,1,1,1.7,0
A01640,C003051,Velocity,0.6338,1,1,1.46,0
A01641,C002785,Velocity,0.2534,1,0,2.98,0
A01642,C004952,Velocity,0.6574,1,1,1.75,0
A01643,C001574,Amount outlier,0.032,1,0,1.93,0
A01644,C000553,Velocity,0.0285,0,,,17
A01645,C003844,Amount outlier,0.0418,1,0,2.59,0
A01646,C002129,Velocity,0.2242,1,0,3.49,0
A01647,C001555,Amount outlier,0.903,1,0,2.79,0
A01648,C004142,Amount outlier,0.8599,1,1,1.4,0
A01649,C004527,Duplicate pattern,0.9277,1,1,0.98,0
A01650,C003523,Amount outlier,0.7268,1,0,1.32,0
A01651,C004650,Velocity,0.9067,1,1,2.08,0
A01652,C003838,Amount outlier,0.1147,0,,,6
A01653,C003374,Duplicate pattern,0.1654,1,0,1.13,0
A01654,C002576,Velocity,0.0192,1,0,1.62,0
A01655,C004163,Amount outlier,0.9473,1,0,1.95,0
A01656,C002650,Duplicate pattern,0.0238,0,,,10
A01657,C002899,Amount outlier,0.455,1,0,1.18,0
A01658,C004791,Duplicate pattern,0.077,1,0,2.92,0
A01659,C005923,Velocity,0.2668,0,,,5
A01660,C002189,Velocity,0.1635,1,0,3.05,0
A01661,C003386,Velocity,0.2691,1,0,3.03,0
A01662,C004906,Velocity,0.4581,1,1,1.02,0
A01663,C001631,Amount outlier,0.4036,1,0,0.58,0
A01664,C001640,Duplicate pattern,0.1046,1,0,1.22,0
A01665,C004254,Amount outlier,0.8688,0,,,12
A01666,C004416,Duplicate pattern,0.7734,1,0,0.75,0
A01667,C003680,Amount outlier,0.239,1,0,2.42,0
A01668,C004878,Velocity,0.1613,1,0,0.94,0
A01669,C003549,Amount outlier,0.6019,1,1,1.37,0
A01670,C000547,Duplicate pattern,0.6659,1,1,1.31,0
A01671,C003414,Amount outlier,0.6733,1,0,3.08,0
A01672,C005330,Duplicate pattern,0.8886,1,0,0.72,0
A01673,C001496,Duplicate pattern,0.5727,0,,,18
A01674,C001875,Velocity,0.8946,1,1,1.24,0
A01675,C001864,Duplicate pattern,0.1838,1,0,3.11,0
A01676,C002854,Amount outlier,0.5277,1,1,1.5,0
A01677,C001107,Duplicate pattern,0.6141,1,0,2.67,0
A01678,C005569,Amount outlier,0.6883,1,0,1.68,0
A01679,C002815,Velocity,0.3569,1,0,2.05,0
A01680,C004843,Duplicate pattern,0.0412,1,0,3.05,0
A01681,C003380,Amount outlier,0.6544,0,,,2
A01682,C002843,Amount outlier,0.2527,1,0,3.16,0
A01683,C000157,Duplicate pattern,0.5528,1,0,2.98,0
A01684,C004432,Velocity,0.6708,0,,,8
A01685,C001767,Velocity,0.3915,1,1,0.65,0
A01686,C004471,Amount outlier,0.3371,1,0,0.55,0
A01687,C001274,Velocity,0.0328,1,0,0.59,0
A01688,C004304,Amount outlier,0.8153,1,0,2.56,0
A01689,C003234,Amount outlier,0.672,1,0,1.87,0
A01690,C004495,Duplicate pattern,0.1483,1,0,1.29,0
A01691,C002850,Velocity,0.7468,1,0,2.25,0
A01692,C004558,Velocity,0.3741,1,0,2.7,0
A01693,C004499,Duplicate pattern,0.5333,1,1,2.82,0
A01694,C001442,Velocity,0.9228,1,0,1.87,0
A01695,C001876,Amount outlier,0.0207,1,0,2.21,0
A01696,C001482,Duplicate pattern,0.2333,1,0,1.68,0
A01697,C003707,Amount outlier,0.3117,1,0,1.62,0
A01698,C002502,Duplicate pattern,0.2189,1,1,1.24,0
A01699,C001514,Amount outlier,0.35,1,1,2.02,0
A01700,C004465,Velocity,0.8009,1,0,2.68,0
A01701,C003409,Velocity,0.3976,1,1,1.36,0
A01702,C005758,Amount outlier,0.6974,1,1,1.69,0
A01703,C003421,Velocity,0.3325,1,0,1.18,0
A01704,C003696,Amount outlier,0.5951,1,1,0.61,0
A01705,C003632,Duplicate pattern,0.6708,1,0,1.35,0
A01706,C002443,Velocity,0.6457,1,0,3.41,0
A01707,C003618,Velocity,0.464,1,0,1.4,0
A01708,C003140,Velocity,0.3931,1,1,2.33,0
A01709,C000497,Amount outlier,0.2183,1,0,1.93,0
A01710,C000338,Duplicate pattern,0.3564,1,0,0.66,0
A01711,C002133,Velocity,0.8729,1,0,2.89,0
A01712,C000361,Velocity,0.4055,1,0,2.2,0
A01713,C000829,Amount outlier,0.0245,0,,,1
A01714,C004443,Duplicate pattern,0.4424,0,,,24
A01715,C001231,Amount outlier,0.8639,1,1,2.92,0
A01716,C002946,Duplicate pattern,0.4269,0,,,8
A01717,C004869,Amount outlier,0.7281,1,0,2.46,0
A01718,C005873,Duplicate pattern,0.952,1,1,3.21,0
A01719,C004117,Amount outlier,0.4909,1,1,1.12,0
A01720,C004639,Velocity,0.5339,0,,,6
A01721,C004494,Duplicate pattern,0.4425,0,,,16
A01722,C000346,Velocity,0.3098,0,,,20
A01723,C004560,Duplicate pattern,0.4256,1,0,3.44,0
A01724,C002530,Duplicate pattern,0.6109,1,0,2.29,0
A01725,C002822,Velocity,0.6637,0,,,12
A01726,C005757,Velocity,0.429,1,0,3.22,0
A01727,C004911,Duplicate pattern,0.615,1,0,1.58,0
A01728,C005320,Amount outlier,0.5944,0,,,10
A01729,C003331,Amount outlier,0.875,1,0,2.66,0
A01730,C005565,Velocity,0.5583,1,0,0.8,0
A01731,C001635,Amount outlier,0.3628,1,0,1.39,0
A01732,C002916,Duplicate pattern,0.9662,1,0,1.22,0
A01733,C004855,Amount outlier,0.0079,1,0,1.32,0
A01734,C000434,Velocity,0.4601,1,0,3.0,0
A01735,C000586,Velocity,0.4625,0,,,19
A01736,C003906,Amount outlier,0.7602,0,,,3
A01737,C002393,Velocity,0.4499,1,0,1.01,0
A01738,C003079,Amount outlier,0.5602,1,0,2.92,0
A01739,C005479,Duplicate pattern,0.408,1,0,1.18,0
A01740,C004403,Amount outlier,0.6937,0,,,1
A01741,C003802,Amount outlier,0.2075,0,,,3
A01742,C000069,Amount outlier,0.7392,1,0,2.97,0
A01743,C005754,Duplicate pattern,0.6321,1,1,1.22,0
A01744,C001689,Amount outlier,0.0947,1,0,3.4,0
A01745,C005889,Velocity,0.3924,1,0,2.63,0
A01746,C005341,Amount outlier,0.4585,1,0,2.55,0
A01747,C000200,Velocity,0.519,1,0,2.83,0
A01748,C005994,Amount outlier,0.8464,1,1,1.45,0
A01749,C000765,Amount outlier,0.4814,1,0,3.47,0
A01750,C003527,Amount outlier,0.1952,0,,,9
A01751,C003898,Velocity,0.6889,1,0,1.5,0
A01752,C001760,Velocity,0.1117,1,1,3.31,0
A01753,C003892,Amount outlier,0.2192,0,,,23
A01754,C003625,Duplicate pattern,0.8854,1,1,2.78,0
A01755,C004134,Duplicate pattern,0.5095,1,1,1.68,0
A01756,C003808,Amount outlier,0.0738,0,,,23
A01757,C005879,Duplicate pattern,0.8667,1,1,2.98,0
A01758,C002626,Amount outlier,0.0038,1,1,0.67,0
A01759,C001005,Amount outlier,0.8469,1,0,1.05,0
A01760,C001816,Amount outlier,0.9634,1,1,1.88,0
A01761,C004261,Amount outlier,0.2637,1,0,0.71,0
A01762,C005564,Duplicate pattern,0.0614,1,1,1.0,0
A01763,C005261,Velocity,0.8543,0,,,10
A01764,C003475,Duplicate pattern,0.5937,1,0,0.82,0
A01765,C003267,Duplicate pattern,0.4927,1,0,2.0,0
A01766,C004020,Velocity,0.7353,1,0,0.97,0
A01767,C005943,Amount outlier,0.6015,0,,,6
A01768,C005396,Amount outlier,0.8394,1,0,0.62,0
A01769,C004661,Amount outlier,0.701,1,0,3.48,0
A01770,C001884,Duplicate pattern,0.4467,1,0,3.44,0
A01771,C000778,Amount outlier,0.9802,1,1,3.35,0
A01772,C004816,Duplicate pattern,0.615,1,0,2.12,0
A01773,C002083,Velocity,0.1862,1,0,1.06,0
A01774,C005346,Amount outlier,0.0989,0,,,14
A01775,C002133,Duplicate pattern,0.8845,0,,,5
A01776,C001537,Duplicate pattern,0.3982,0,,,24
A01777,C000582,Duplicate pattern,0.6153,1,0,1.12,0
A01778,C004779,Velocity,0.4833,1,0,1.24,0
A01779,C000142,Amount outlier,0.2935,1,1,1.48,0
A01780,C001413,Duplicate pattern,0.7934,1,0,3.36,0
A01781,C001333,Amount outlier,0.5616,1,1,1.15,0
A01782,C005898,Amount outlier,0.0724,1,0,3.19,0
A01783,C001705,Amount outlier,0.5641,1,0,1.14,0
A01784,C002648,Amount outlier,0.6257,1,0,0.96,0
A01785,C002421,Duplicate pattern,0.0517,1,0,2.68,0
A01786,C001591,Amount outlier,0.6324,1,1,1.36,0
A01787,C001759,Velocity,0.4174,1,0,2.27,0
A01788,C005754,Amount outlier,0.7495,0,,,3
A01789,C000454,Amount outlier,0.2187,1,0,3.39,0
A01790,C002396,Amount outlier,0.4784,1,0,2.5,0
A01791,C005440,Duplicate pattern,0.3504,1,0,3.38,0
A01792,C003508,Velocity,0.3157,0,,,21
A01793,C001236,Amount outlier,0.7643,1,1,1.46,0
A01794,C000608,Duplicate pattern,0.7456,1,1,3.2,0
A01795,C001744,Duplicate pattern,0.2617,1,0,1.36,0
A01796,C001413,Amount outlier,0.4953,1,1,1.14,0
A01797,C003167,Amount outlier,0.4609,1,0,3.25,0
A01798,C001968,Velocity,0.4925,1,1,3.44,0
A01799,C004918,Duplicate pattern,0.801,1,0,0.75,0
