carrier,claim_type,channel,cohort_month,claim_count,closed_count,backlog,overdue_open,avg_first_response_hours,avg_closed_cycle_days,missing_document_rate,closed_sla_rate,paid_amount
Carrier A,Auto,Agent,2026-04,33,29,4,4,10.744242424242424,7.896551724137931,0.06060606060606061,0.896551724137931,90356.12
Carrier A,Auto,Agent,2026-05,38,35,3,3,11.991315789473685,9.914285714285715,0.18421052631578946,0.7142857142857143,158104.68
Carrier A,Auto,Agent,2026-06,33,32,1,1,11.642121212121213,8.125,0.15151515151515152,0.84375,131606.86000000002
Carrier A,Auto,Agent,2026-07,49,44,5,5,10.923469387755102,8.863636363636363,0.1836734693877551,0.7727272727272727,182035.16
Carrier A,Auto,Agent,2026-08,33,31,2,2,11.35090909090909,9.64516129032258,0.18181818181818182,0.7419354838709677,192307.18
Carrier A,Auto,Agent,2026-09,41,29,12,3,10.60780487804878,7.896551724137931,0.14634146341463414,0.8275862068965517,136232.52
Carrier A,Auto,Mobile,2026-04,35,33,2,2,11.765714285714287,10.727272727272727,0.2571428571428571,0.7878787878787878,155083.79
Carrier A,Auto,Mobile,2026-05,37,33,4,4,14.441621621621623,10.0,0.40540540540540543,0.7878787878787878,176933.31
Carrier A,Auto,Mobile,2026-06,37,32,5,5,13.796486486486486,12.46875,0.3783783783783784,0.59375,147334.34
Carrier A,Auto,Mobile,2026-07,33,31,2,2,12.283333333333333,8.612903225806452,0.2727272727272727,0.8064516129032258,203533.87
Carrier A,Auto,Mobile,2026-08,25,22,3,3,13.2328,10.545454545454545,0.4,0.7272727272727273,95868.51
Carrier A,Auto,Mobile,2026-09,40,28,12,2,11.671000000000001,7.571428571428571,0.25,0.8928571428571429,120295.66
Carrier A,Auto,Web,2026-04,29,27,2,2,11.321379310344827,9.88888888888889,0.20689655172413793,0.7407407407407407,140718.92
Carrier A,Auto,Web,2026-05,53,51,2,2,11.362641509433963,8.882352941176471,0.22641509433962265,0.7843137254901961,250237.53
Carrier A,Auto,Web,2026-06,30,28,2,2,12.207333333333334,10.142857142857142,0.26666666666666666,0.75,110641.83
Carrier A,Auto,Web,2026-07,53,51,2,2,9.646603773584905,9.176470588235293,0.11320754716981132,0.8235294117647058,242822.53
Carrier A,Auto,Web,2026-08,51,47,4,4,11.584313725490196,9.638297872340425,0.21568627450980393,0.7446808510638298,283495.0
Carrier A,Auto,Web,2026-09,29,19,10,0,10.493448275862068,7.0,0.1724137931034483,0.8947368421052632,75538.17
Carrier A,Liability,Agent,2026-04,38,36,2,2,10.467894736842107,8.777777777777779,0.05263157894736842,0.75,138300.34
Carrier A,Liability,Agent,2026-05,45,40,5,5,10.260444444444445,10.05,0.08888888888888889,0.8,200689.43
Carrier A,Liability,Agent,2026-06,35,29,6,6,10.914571428571428,8.96551724137931,0.17142857142857143,0.8275862068965517,117839.45999999999
Carrier A,Liability,Agent,2026-07,43,38,5,5,10.332558139534884,10.421052631578947,0.11627906976744186,0.7368421052631579,154008.16
Carrier A,Liability,Agent,2026-08,37,36,1,1,9.59108108108108,8.805555555555555,0.16216216216216217,0.8055555555555556,163015.31
Carrier A,Liability,Agent,2026-09,43,28,15,4,9.923023255813954,7.0,0.16279069767441862,0.8928571428571429,95926.5
Carrier A,Liability,Mobile,2026-04,26,25,1,1,11.366923076923078,10.04,0.23076923076923078,0.76,103148.73
Carrier A,Liability,Mobile,2026-05,35,32,3,3,14.489142857142857,11.4375,0.3142857142857143,0.6875,136985.56
Carrier A,Liability,Mobile,2026-06,33,28,5,5,12.876666666666667,11.571428571428571,0.36363636363636365,0.6428571428571429,97412.19
Carrier A,Liability,Mobile,2026-07,19,17,2,2,14.090526315789472,12.294117647058824,0.42105263157894735,0.7058823529411765,69215.62
Carrier A,Liability,Mobile,2026-08,35,31,4,4,12.709714285714284,10.03225806451613,0.2571428571428571,0.8064516129032258,159781.05
Carrier A,Liability,Mobile,2026-09,28,17,11,0,11.203928571428571,11.647058823529411,0.25,0.7647058823529411,65414.27
Carrier A,Liability,Web,2026-04,36,32,4,4,9.432222222222222,7.46875,0.1111111111111111,0.9375,155740.59
Carrier A,Liability,Web,2026-05,35,28,7,7,10.522857142857143,9.714285714285714,0.2,0.8571428571428571,178622.15
Carrier A,Liability,Web,2026-06,34,33,1,1,11.146470588235294,7.666666666666667,0.08823529411764706,0.9090909090909091,202677.78
Carrier A,Liability,Web,2026-07,51,45,6,6,11.242549019607843,7.911111111111111,0.13725490196078433,0.8666666666666667,179015.94
Carrier A,Liability,Web,2026-08,46,44,2,2,11.853478260869565,9.0,0.1956521739130435,0.8636363636363636,199440.81
Carrier A,Liability,Web,2026-09,45,27,18,3,11.583111111111112,7.925925925925926,0.15555555555555556,0.7777777777777778,139684.99
Carrier A,Property,Agent,2026-04,23,23,0,0,10.469565217391304,15.26086956521739,0.043478260869565216,0.782608695652174,116432.9
Carrier A,Property,Agent,2026-05,51,47,4,4,10.630980392156863,14.617021276595745,0.13725490196078433,0.8723404255319149,242656.54
Carrier A,Property,Agent,2026-06,33,30,3,3,9.933333333333334,15.033333333333333,0.12121212121212122,0.8333333333333334,132843.76
Carrier A,Property,Agent,2026-07,39,36,3,3,11.404871794871795,14.63888888888889,0.2564102564102564,0.7777777777777778,141648.12
Carrier A,Property,Agent,2026-08,44,38,6,6,9.995454545454546,14.026315789473685,0.13636363636363635,0.868421052631579,204628.85
Carrier A,Property,Agent,2026-09,40,22,18,2,11.5775,11.454545454545455,0.15,0.9545454545454546,103141.23
Carrier A,Property,Mobile,2026-04,38,35,3,3,12.131052631578948,14.657142857142857,0.2631578947368421,0.8285714285714286,189969.71
Carrier A,Property,Mobile,2026-05,45,44,1,1,13.996,15.818181818181818,0.28888888888888886,0.7727272727272727,292234.42
Carrier A,Property,Mobile,2026-06,33,32,1,1,10.66090909090909,15.75,0.18181818181818182,0.875,123082.1
Carrier A,Property,Mobile,2026-07,31,29,2,2,10.318064516129033,15.620689655172415,0.1935483870967742,0.8620689655172413,124300.45
Carrier A,Property,Mobile,2026-08,36,33,3,3,12.212499999999999,15.393939393939394,0.25,0.7272727272727273,176365.47
Carrier A,Property,Mobile,2026-09,51,27,24,2,13.003921568627453,11.703703703703704,0.35294117647058826,0.9259259259259259,125359.61
Carrier A,Property,Web,2026-04,38,36,2,2,12.07842105263158,14.222222222222221,0.13157894736842105,0.8055555555555556,139323.34
Carrier A,Property,Web,2026-05,38,37,1,1,12.018947368421053,15.324324324324325,0.23684210526315788,0.7297297297297297,114204.14
Carrier A,Property,Web,2026-06,24,21,3,3,11.644166666666665,14.571428571428571,0.20833333333333334,0.8571428571428571,78018.03
Carrier A,Property,Web,2026-07,44,42,2,2,9.756136363636363,14.904761904761905,0.09090909090909091,0.8095238095238095,181874.45
Carrier A,Property,Web,2026-08,44,40,4,4,10.156136363636364,13.575,0.11363636363636363,0.8,206616.26
Carrier A,Property,Web,2026-09,31,14,17,3,12.493870967741936,10.857142857142858,0.22580645161290322,1.0,69977.5
Carrier B,Auto,Agent,2026-04,28,26,2,2,10.4175,9.423076923076923,0.17857142857142858,0.8461538461538461,121786.96
Carrier B,Auto,Agent,2026-05,39,35,4,4,11.183076923076923,8.857142857142858,0.1282051282051282,0.8285714285714286,159167.86000000002
Carrier B,Auto,Agent,2026-06,39,36,3,3,9.44153846153846,7.055555555555555,0.02564102564102564,0.9166666666666666,162198.16
Carrier B,Auto,Agent,2026-07,44,41,3,3,11.11431818181818,8.682926829268293,0.22727272727272727,0.8536585365853658,219425.74
Carrier B,Auto,Agent,2026-08,43,37,6,6,10.093720930232557,10.486486486486486,0.06976744186046512,0.7837837837837838,150391.63
Carrier B,Auto,Agent,2026-09,35,23,12,1,11.504,9.304347826086957,0.14285714285714285,0.8260869565217391,107701.85
Carrier B,Auto,Mobile,2026-04,36,35,1,1,12.659722222222221,9.914285714285715,0.3055555555555556,0.8,156063.42
Carrier B,Auto,Mobile,2026-05,41,39,2,2,13.163658536585366,10.41025641025641,0.36585365853658536,0.7948717948717948,152899.4
Carrier B,Auto,Mobile,2026-06,31,30,1,1,13.386451612903226,12.266666666666667,0.3870967741935484,0.6666666666666666,206397.68
Carrier B,Auto,Mobile,2026-07,36,33,3,3,11.586666666666666,9.848484848484848,0.19444444444444445,0.7575757575757576,140278.66
Carrier B,Auto,Mobile,2026-08,40,37,3,3,13.016499999999999,11.567567567567568,0.375,0.7027027027027027,211371.34
Carrier B,Auto,Mobile,2026-09,26,16,10,1,12.30076923076923,7.4375,0.23076923076923078,0.9375,74850.88
Carrier B,Auto,Web,2026-04,34,31,3,3,9.288823529411765,7.903225806451613,0.17647058823529413,0.9032258064516129,149894.42
Carrier B,Auto,Web,2026-05,44,42,2,2,10.88340909090909,10.238095238095237,0.18181818181818182,0.7857142857142857,136147.27
Carrier B,Auto,Web,2026-06,33,30,3,3,11.533939393939393,7.966666666666667,0.09090909090909091,0.8333333333333334,153139.28
Carrier B,Auto,Web,2026-07,41,38,3,3,12.633414634146343,9.131578947368421,0.1951219512195122,0.7894736842105263,188922.67
Carrier B,Auto,Web,2026-08,40,38,2,2,11.098,8.631578947368421,0.175,0.868421052631579,146237.46
Carrier B,Auto,Web,2026-09,33,25,8,2,10.85,6.36,0.030303030303030304,0.96,92410.77
Carrier B,Liability,Agent,2026-04,40,39,1,1,9.428749999999999,7.487179487179487,0.075,0.8717948717948718,180970.31
Carrier B,Liability,Agent,2026-05,32,27,5,5,12.3084375,9.88888888888889,0.25,0.8518518518518519,102397.54000000001
Carrier B,Liability,Agent,2026-06,28,26,2,2,10.723928571428571,10.23076923076923,0.17857142857142858,0.6923076923076923,76854.73
Carrier B,Liability,Agent,2026-07,42,38,4,4,11.232142857142858,8.605263157894736,0.19047619047619047,0.8947368421052632,180857.67
Carrier B,Liability,Agent,2026-08,34,33,1,1,12.579999999999998,11.242424242424242,0.23529411764705882,0.7575757575757576,132643.92
Carrier B,Liability,Agent,2026-09,29,18,11,3,10.734827586206897,6.111111111111111,0.06896551724137931,0.8888888888888888,77358.42
Carrier B,Liability,Mobile,2026-04,36,32,4,4,11.57861111111111,9.1875,0.2777777777777778,0.875,136131.88999999998
Carrier B,Liability,Mobile,2026-05,40,37,3,3,10.29975,9.216216216216216,0.25,0.8378378378378378,184329.2
Carrier B,Liability,Mobile,2026-06,36,36,0,0,11.962499999999999,10.11111111111111,0.25,0.75,183812.57
Carrier B,Liability,Mobile,2026-07,41,36,5,5,12.684878048780488,10.694444444444445,0.34146341463414637,0.75,153413.01
Carrier B,Liability,Mobile,2026-08,43,42,1,1,13.6753488372093,10.761904761904763,0.37209302325581395,0.7857142857142857,213489.8
Carrier B,Liability,Mobile,2026-09,28,19,9,3,11.278214285714286,8.368421052631579,0.2857142857142857,1.0,72269.49
Carrier B,Liability,Web,2026-04,38,34,4,4,12.338684210526315,9.882352941176471,0.21052631578947367,0.7352941176470589,133015.51
Carrier B,Liability,Web,2026-05,37,33,4,4,11.338648648648649,8.909090909090908,0.16216216216216217,0.8181818181818182,143026.55
Carrier B,Liability,Web,2026-06,31,31,0,0,11.015483870967742,7.645161290322581,0.1935483870967742,0.9032258064516129,145435.73
Carrier B,Liability,Web,2026-07,45,39,6,6,11.203777777777779,7.9743589743589745,0.1111111111111111,0.9230769230769231,216074.15
Carrier B,Liability,Web,2026-08,46,44,2,2,11.678260869565218,9.909090909090908,0.17391304347826086,0.8181818181818182,204190.12
Carrier B,Liability,Web,2026-09,43,30,13,3,11.339534883720932,8.833333333333334,0.09302325581395349,0.8333333333333334,176491.44
Carrier B,Property,Agent,2026-04,43,38,5,5,10.652325581395349,13.710526315789474,0.11627906976744186,0.8947368421052632,187138.02
Carrier B,Property,Agent,2026-05,37,36,1,1,10.847027027027027,13.75,0.10810810810810811,0.8611111111111112,179813.96
Carrier B,Property,Agent,2026-06,29,28,1,1,10.128620689655174,12.285714285714286,0.06896551724137931,0.9285714285714286,131629.78
Carrier B,Property,Agent,2026-07,37,32,5,5,10.886216216216217,12.96875,0.16216216216216217,0.96875,121184.98
Carrier B,Property,Agent,2026-08,24,21,3,3,12.537083333333333,13.714285714285714,0.25,0.9047619047619048,100858.0
Carrier B,Property,Agent,2026-09,33,10,23,1,10.51030303030303,10.0,0.12121212121212122,0.9,46944.36
Carrier B,Property,Mobile,2026-04,33,31,2,2,11.989393939393938,16.35483870967742,0.30303030303030304,0.8064516129032258,217465.52
Carrier B,Property,Mobile,2026-05,24,21,3,3,11.797916666666666,14.714285714285714,0.375,0.7619047619047619,81240.64
Carrier B,Property,Mobile,2026-06,33,31,2,2,13.118787878787879,16.387096774193548,0.3333333333333333,0.8064516129032258,121354.66
Carrier B,Property,Mobile,2026-07,44,40,4,4,10.423636363636364,14.75,0.20454545454545456,0.85,160170.02
Carrier B,Property,Mobile,2026-08,29,27,2,2,15.140344827586206,16.333333333333332,0.3793103448275862,0.7777777777777778,128903.0
Carrier B,Property,Mobile,2026-09,37,15,22,2,13.761081081081082,14.133333333333333,0.35135135135135137,0.8666666666666667,67875.53
Carrier B,Property,Web,2026-04,23,23,0,0,11.355217391304349,14.217391304347826,0.17391304347826086,0.8695652173913043,93787.67
Carrier B,Property,Web,2026-05,33,31,2,2,12.357878787878787,13.548387096774194,0.21212121212121213,0.8709677419354839,111252.35
Carrier B,Property,Web,2026-06,38,35,3,3,10.083684210526316,12.714285714285714,0.13157894736842105,0.8857142857142857,164440.82
Carrier B,Property,Web,2026-07,36,32,4,4,11.63888888888889,14.125,0.16666666666666666,0.8125,171923.28
Carrier B,Property,Web,2026-08,39,38,1,1,11.135641025641027,16.210526315789473,0.2564102564102564,0.7631578947368421,201810.29
Carrier B,Property,Web,2026-09,46,20,26,1,8.496521739130435,11.5,0.021739130434782608,1.0,81070.75
Carrier C,Auto,Agent,2026-04,35,30,5,5,10.369714285714286,10.5,0.08571428571428572,0.8333333333333334,133589.35
Carrier C,Auto,Agent,2026-05,43,40,3,3,10.180697674418605,7.9,0.11627906976744186,0.8,138994.03
Carrier C,Auto,Agent,2026-06,37,33,4,4,11.222702702702703,9.424242424242424,0.13513513513513514,0.7878787878787878,155049.01
Carrier C,Auto,Agent,2026-07,38,35,3,3,11.716315789473683,9.885714285714286,0.13157894736842105,0.7142857142857143,158738.5
Carrier C,Auto,Agent,2026-08,35,32,3,3,11.621142857142857,8.9375,0.2,0.84375,117717.97
Carrier C,Auto,Agent,2026-09,46,31,15,5,9.857173913043479,6.903225806451613,0.08695652173913043,0.9354838709677419,99714.4
Carrier C,Auto,Mobile,2026-04,38,35,3,3,14.348684210526315,10.314285714285715,0.42105263157894735,0.7428571428571429,189881.49
Carrier C,Auto,Mobile,2026-05,34,31,3,3,10.932941176470589,10.483870967741936,0.2647058823529412,0.7096774193548387,120549.48
Carrier C,Auto,Mobile,2026-06,41,39,2,2,13.970975609756096,11.564102564102564,0.3902439024390244,0.7435897435897436,163489.5
Carrier C,Auto,Mobile,2026-07,37,33,4,4,12.563783783783784,12.484848484848484,0.32432432432432434,0.6666666666666666,148357.93
Carrier C,Auto,Mobile,2026-08,28,28,0,0,14.88107142857143,9.25,0.39285714285714285,0.8571428571428571,112835.97
Carrier C,Auto,Mobile,2026-09,40,23,17,5,14.03525,7.608695652173913,0.35,0.8260869565217391,86574.92
Carrier C,Auto,Web,2026-04,42,39,3,3,11.593333333333334,9.384615384615385,0.16666666666666666,0.8205128205128205,197788.92
Carrier C,Auto,Web,2026-05,39,34,5,5,11.528461538461539,8.5,0.10256410256410256,0.9117647058823529,169395.96
Carrier C,Auto,Web,2026-06,36,31,5,5,11.62138888888889,12.0,0.1388888888888889,0.7096774193548387,129403.56
Carrier C,Auto,Web,2026-07,42,40,2,2,10.193571428571428,8.925,0.14285714285714285,0.875,141731.93
Carrier C,Auto,Web,2026-08,30,28,2,2,11.97,9.0,0.16666666666666666,0.8214285714285714,97856.52
Carrier C,Auto,Web,2026-09,36,21,15,4,11.245833333333332,8.333333333333334,0.3055555555555556,0.8571428571428571,82326.89
Carrier C,Liability,Agent,2026-04,36,35,1,1,10.450555555555557,8.771428571428572,0.1388888888888889,0.8857142857142857,169098.58
Carrier C,Liability,Agent,2026-05,26,24,2,2,11.103076923076923,10.333333333333334,0.15384615384615385,0.7916666666666666,109390.05
Carrier C,Liability,Agent,2026-06,30,28,2,2,9.401,9.785714285714286,0.1,0.8214285714285714,116924.56999999999
Carrier C,Liability,Agent,2026-07,24,24,0,0,9.357083333333334,9.458333333333334,0.16666666666666666,0.75,106852.2
Carrier C,Liability,Agent,2026-08,38,34,4,4,9.59842105263158,11.647058823529411,0.13157894736842105,0.6470588235294118,138370.28
Carrier C,Liability,Agent,2026-09,48,31,17,5,11.407291666666666,7.483870967741935,0.125,0.9032258064516129,114798.75
Carrier C,Liability,Mobile,2026-04,44,41,3,3,13.27818181818182,10.341463414634147,0.3409090909090909,0.7073170731707317,193304.96
Carrier C,Liability,Mobile,2026-05,32,29,3,3,11.825625,10.275862068965518,0.21875,0.8275862068965517,142735.98
Carrier C,Liability,Mobile,2026-06,41,39,2,2,13.032682926829269,10.76923076923077,0.34146341463414637,0.7692307692307693,168220.42
Carrier C,Liability,Mobile,2026-07,38,37,1,1,12.406842105263157,9.675675675675675,0.2894736842105263,0.7297297297297297,239513.66
Carrier C,Liability,Mobile,2026-08,35,34,1,1,11.496285714285714,9.323529411764707,0.2,0.8235294117647058,136592.06
Carrier C,Liability,Mobile,2026-09,43,31,12,2,12.07139534883721,8.290322580645162,0.3488372093023256,0.8709677419354839,126790.73
Carrier C,Liability,Web,2026-04,35,31,4,4,10.564,8.35483870967742,0.05714285714285714,0.8709677419354839,130063.16
Carrier C,Liability,Web,2026-05,35,29,6,6,12.52657142857143,8.344827586206897,0.2,0.9310344827586207,137768.47
Carrier C,Liability,Web,2026-06,31,30,1,1,10.906774193548388,8.966666666666667,0.1935483870967742,0.8,133574.6
Carrier C,Liability,Web,2026-07,40,37,3,3,10.529,9.72972972972973,0.1,0.7297297297297297,214065.79
Carrier C,Liability,Web,2026-08,40,38,2,2,12.32825,10.842105263157896,0.275,0.7368421052631579,137704.52
Carrier C,Liability,Web,2026-09,38,28,10,2,10.164473684210526,7.321428571428571,0.10526315789473684,0.8928571428571429,145467.15
Carrier C,Property,Agent,2026-04,35,32,3,3,9.664285714285715,15.5625,0.14285714285714285,0.71875,105957.55
Carrier C,Property,Agent,2026-05,45,41,4,4,10.676444444444444,14.121951219512194,0.08888888888888889,0.9024390243902439,191505.23
Carrier C,Property,Agent,2026-06,34,31,3,3,10.664411764705882,14.64516129032258,0.058823529411764705,0.8387096774193549,178139.21
Carrier C,Property,Agent,2026-07,40,37,3,3,9.852,14.35135135135135,0.075,0.7837837837837838,170343.54
Carrier C,Property,Agent,2026-08,40,38,2,2,12.6845,12.842105263157896,0.15,0.868421052631579,148321.96
Carrier C,Property,Agent,2026-09,38,19,19,1,11.638421052631578,11.473684210526315,0.2631578947368421,0.9473684210526315,64211.68
Carrier C,Property,Mobile,2026-04,36,34,2,2,11.67,13.617647058823529,0.2777777777777778,0.8529411764705882,141049.96
Carrier C,Property,Mobile,2026-05,27,20,7,7,13.687037037037037,17.6,0.2962962962962963,0.65,102645.19
Carrier C,Property,Mobile,2026-06,30,28,2,2,11.192333333333332,15.178571428571429,0.2,0.7857142857142857,121909.12
Carrier C,Property,Mobile,2026-07,34,32,2,2,11.65529411764706,16.34375,0.38235294117647056,0.8125,148333.3
Carrier C,Property,Mobile,2026-08,50,47,3,3,12.7964,15.893617021276595,0.36,0.851063829787234,179281.38
Carrier C,Property,Mobile,2026-09,36,20,16,2,11.871666666666666,13.55,0.3611111111111111,0.9,81578.14
Carrier C,Property,Web,2026-04,44,38,6,6,12.672954545454546,13.947368421052632,0.20454545454545456,0.8947368421052632,181931.97
Carrier C,Property,Web,2026-05,44,42,2,2,13.368409090909092,13.666666666666666,0.25,0.8809523809523809,181306.91
Carrier C,Property,Web,2026-06,35,31,4,4,11.278571428571428,14.064516129032258,0.14285714285714285,0.8387096774193549,155836.62
Carrier C,Property,Web,2026-07,41,37,4,4,11.409756097560976,14.72972972972973,0.21951219512195122,0.8648648648648649,132956.32
Carrier C,Property,Web,2026-08,46,44,2,2,11.792608695652175,14.022727272727273,0.21739130434782608,0.8636363636363636,207331.99
Carrier C,Property,Web,2026-09,38,23,15,2,9.90157894736842,11.217391304347826,0.07894736842105263,1.0,74998.15
